ID,LED,Band_A,Band_B,Band_C,Band_D,Band_E,Band_F,Band_G,Band_H,Band_I,Band_J,Band_K,Band_L,Band_R,Band_S,Band_T,Band_U,Band_V,Band_W,Condition
1,R,0.289822656,0.14910345947362177,0.8371078667918096,0.5367851238054996,1.8165483371399536,3.308997511909233,4.065359359071209,1.6150623395150028,0.5954138232926122,0.4545679550248698,0.5301738807486323,0.5124850623449283,null,null,null,null,null,null,Healthy
2,G,0.1842085780531132,0.4645551777804312,0.8878555273646164,0.6848985668790156,3.098814493251988,3.9630861399168227,5.87633172,1.240070951484653,0.30946813093695325,0.22014765810185974,0.2768864667290253,0.1986283682431261,null,null,null,null,null,null,Healthy
3,B,0.11777404132420384,0.46922746746507893,0.9240044835122602,0.3817495525787162,1.6600717059128138,2.0554831924625376,2.504754983434536,0.671107161,0.40980573782026886,0.21484031461634526,0.20728799885080323,0.015976807037746524,null,null,null,null,null,null,Healthy
4,R,0.15114896331064742,0.31547529652900647,0.8619079243253518,0.47185593191223474,1.502906642398783,2.793848762832213,3.263187211802918,1.3375151918470038,0.7445453440318162,0.2905405469622939,0.5486726718905031,0.3796810556638853,null,null,null,null,null,null,Healthy
5,G,0.17977950223092537,0.17164132859097764,0.8971696370414043,0.5933733073032375,1.902585826267487,4.021104137747819,5.370995121053727,1.4731316942892783,0.4046865997057052,0.3997761878709568,0.085025646,0.1472546856917465,null,null,null,null,null,null,Healthy
6,B,0.11230856118251958,0.21300814671757026,0.7885885609820905,0.5355287332579357,1.5536283796474437,2.183387993228524,2.3971918275752966,0.7113224098591422,0.19646194121037022,0.11698707266355862,0.14095012175396465,0.20080508477066975,null,null,null,null,null,null,Healthy
7,R,0.22182575639431645,0.044717655,0.8091693892225065,0.24283212159422837,1.4394665353285045,2.560873118043926,3.1049143966342023,1.4039036421486464,0.6212653727950107,0.4970939599171837,0.460932322,0.48696382813170375,null,null,null,null,null,null,Healthy
8,G,0.15300968922328126,0.24667348608195805,0.831139943,0.542147397,2.3564377820017177,3.8736429232245935,6.002667948943451,1.588054198102896,0.2044261195907884,0.2673404117918615,0.24212980088299568,0.25474902237316144,null,null,null,null,null,null,Healthy
9,B,0.3265847889162525,0.47028619422634793,1.037628481,0.7812666295959688,1.8351570137385713,2.6429290361491082,2.4049440438559317,0.94562812,0.3109618836253323,0.1411182361654848,0.17113665456919155,0.16362452466801894,null,null,null,null,null,null,Healthy
10,R,0.098289206,0.038999905,0.6601126308932357,0.5086654830603856,1.4759059774637147,2.6235137372614696,2.8734222986823257,1.2852622972945995,0.42243011921918383,0.39848438,0.3578046585623454,0.471383506,null,null,null,null,null,null,Healthy
11,G,0.1651186496113058,0.26722927280363407,0.9829212089863141,0.593207687,2.4853661261325715,4.1151444512341175,5.261237335131448,1.593606804482471,0.4482467894618234,0.3298591488804811,0.20847037714877648,0.2776965581631409,null,null,null,null,null,null,Healthy
12,B,0.3137478921989557,0.28493795600625793,0.8248750526204061,0.5624675506701287,1.5326282887436216,2.413694066965821,2.8712003339013785,0.9639662295228901,0.14106128026828485,0.18658535426085876,0.22468824881339358,0.12780483953927496,null,null,null,null,null,null,Healthy
13,R,0.027046196,0.2935681088429773,0.7022484706430253,0.4990695029739059,1.5722439632393177,2.616133410219062,3.4376651005502206,1.250477759349329,0.6283895046716153,0.512462536,0.3373610974968727,0.4332244410490099,null,null,null,null,null,null,Healthy
14,G,0.30623536992518413,0.19041306522236442,1.1218996882673717,0.7693560193082124,2.4356491201604107,3.8906065951844875,5.542995869149717,1.5885966557514533,0.3162219915453252,0.2494368123783857,0.3047401719249888,0.2888177062653238,null,null,null,null,null,null,Healthy
15,B,0.25286602296992083,0.3979337275503867,0.8527805921844411,0.9616236380662685,1.8901250565497079,2.9252218672617842,2.675695980053577,1.1104944976434743,0.25795232955061537,0.23906539605780422,0.30951743325367176,0.21653973005689725,null,null,null,null,null,null,Healthy
16,R,0.2663937675029419,0.18891494941161072,0.8366920872311102,0.3047889610838278,2.1258988993318204,2.853797525638499,4.118693311578477,1.6245019960540834,0.4482285612174263,0.4730917738991303,0.4884957702730596,0.5253271182726528,null,null,null,null,null,null,Healthy
17,G,0.084050689,0.3789655942919332,1.0747053877920363,0.5238951717581933,2.201478068542355,4.357044575444118,6.054180107993259,1.7922157566812837,0.21302832097901314,0.2378882151317615,0.2595838869348953,0.12747152093012068,null,null,null,null,null,null,Healthy
18,B,0.17216147533628828,0.1460684731547603,0.6483903412851663,0.4393019814728535,1.952257879705877,2.6059662017383767,3.2294301019193377,0.8801495989081924,0.2963936339681422,0.27487172138240484,0.2711380449870982,0.12311868772860098,null,null,null,null,null,null,Healthy
19,R,0.025621171048417244,0.2784973915261132,0.8705548098451662,0.3534456793137482,2.0775688472825675,3.2189431678742735,4.3286966972088985,1.7341335616954103,0.44883287789094967,0.582420918,0.3976546492222345,0.5760875460317318,null,null,null,null,null,null,Healthy
20,G,0.13378406592119743,0.2400431077161156,0.9839449870771729,0.7167338869925505,1.8209456462027926,3.290869496943755,4.441672575153677,1.051666968484287,0.3454025412910262,0.3324652387756437,0.19061082251485603,0.096509748,null,null,null,null,null,null,Healthy
21,B,0.208485863,0.2794904732072287,0.9000509366941422,0.43562663556854014,1.735694466680893,2.7987574831172406,2.768818876924865,0.8880536688575473,0.3561501459499197,0.089418195,0.2292395248054453,0.343428228,null,null,null,null,null,null,Healthy
22,R,0.24268463687069758,0.093460429,0.8785381269097534,0.33465847231591367,1.8556125468880216,3.0346321211175615,3.6787530564778788,1.5901409202583465,0.5216133378311781,0.37628622610618384,0.399626099,0.4634646811897972,null,null,null,null,null,null,Healthy
23,G,0.20571041960997005,0.11364484617136138,1.087466366636114,0.37869167681665833,2.1950851924428423,4.616213070848814,5.035629236716495,1.6262027640497005,0.2852093301962212,0.16100634941964537,0.23125873126800398,0.074508474,null,null,null,null,null,null,Healthy
24,B,0.13974797405122638,0.3149387414295517,1.001514340559307,0.3892982574541704,1.2870514152161574,2.078656217088278,2.4698100280119912,0.7981462055670725,0.13123820830280944,0.12023529193291399,0.3100209681306369,0.1254346813738789,null,null,null,null,null,null,Healthy
25,R,0.031424268,0.10364685553585644,0.45991500603501384,0.3369513497826123,1.3231532186179078,2.2901364174949856,3.1645815328181874,1.494152811,0.4542805695776822,0.48522540618613524,0.2812517720949123,0.5087742094965143,null,null,null,null,null,null,Healthy
26,G,0.17188435746691605,0.262764616,0.7285322301645417,0.6114921419905699,2.179320500626524,3.9665772833529136,5.441584878464759,1.4559778724982968,0.34081728276875395,0.1484840546615939,0.12464210416783186,0.15171038178790652,null,null,null,null,null,null,Healthy
27,B,0.073413142,0.29574108431490753,0.9622180782447879,0.4899068324122532,1.7889380996394346,2.4475348187444665,2.563817603045408,0.9058205258477204,0.34443264135505897,0.218834103,0.17934321354067914,0.27553354814325093,null,null,null,null,null,null,Healthy
28,R,0.19851142289452992,0.27573316263107894,0.7662986567341479,0.4383355813754198,1.9009404217776784,2.8836184447930684,4.343247743668612,1.4886223148919369,0.6813689768411483,0.5040738172331927,0.4740637787167714,0.695093735,null,null,null,null,null,null,Healthy
29,G,0.29223891031345256,0.24929928649822114,0.8809986202902642,0.6742500443370663,2.8284782737034093,4.514126746,5.047642095962887,1.5667880148422635,0.23409691306439864,0.32998322133843866,0.3211667631787272,0.21398284417322472,null,null,null,null,null,null,Healthy
30,B,0.2897740006016114,0.21693935715289978,0.8875350111216909,0.5000482938666865,1.3856823062015702,2.0125200608214073,2.106372300334605,0.7498338959126895,0.25573449317212277,0.20737831730613224,0.12696926948766643,0.039388809934694985,null,null,null,null,null,null,Healthy
31,R,0.23925012791633252,0.18491784626713834,0.8673924357804694,0.3782656627762288,1.7449145516481537,3.1001298626246068,3.6662546509612723,1.6472464880404059,0.42211698250635155,0.6031571924721556,0.2562913472277783,0.588521198,null,null,null,null,null,null,Healthy
32,G,0.12638213359462058,0.2311476959858137,0.7193592640926516,0.42694283182503734,1.692531240815763,3.146089735597859,4.430438195512532,1.033331041592276,0.18951406207810265,0.083215122,0.12244708268477905,0.22082500315970652,null,null,null,null,null,null,Healthy
33,B,0.19352909080348651,0.34364882882026193,0.8801322583727157,0.3500758120444273,1.2946104956284994,2.1927539909371463,2.9636530906554235,0.7217280580065097,0.43997729374887773,0.16551624678899843,0.26309942513855605,0.1442723397397702,null,null,null,null,null,null,Healthy
34,R,0.1189161309597327,0.20854778287763753,0.6452100382941017,0.379113901,1.2694600068057895,2.4288522651458058,3.7538594704609545,1.5274653389806836,0.6071946594728292,0.36281374131609445,0.3439447421448962,0.35450332709887067,null,null,null,null,null,null,Healthy
35,G,0.11673730322673548,0.25729209569992617,0.8239345086640605,0.6217471166837625,2.0077450182049414,4.315632170226389,4.330532567567041,1.2772707986634892,0.5774378658184579,0.159466865,0.095270086,0.15743611108372393,null,null,null,null,null,null,Healthy
36,B,0.14533595323933857,0.3395349372938444,1.0220005385132016,0.7900098436029724,1.6758588004568429,2.4983148183925237,3.0371575475742443,0.9017664724242462,0.35048849091136497,0.24713869387432125,0.42871192422208737,0,null,null,null,null,null,null,Healthy
37,R,0.028183623,0.08899272,0.5955749096360957,0.34841118284804695,1.7439143764630065,2.9870739576272967,3.2483649121597553,1.3680486946996104,0.581497532,0.35798073155595755,0.42991081474617054,0.49808503811636695,null,null,null,null,null,null,Healthy
38,G,0.12527492166720944,0.17479371307524902,0.9583417885381127,0.6779067229417637,2.420511305,3.875434672907514,4.762700033047837,1.4867556074702135,0.4518909040341236,0.3815404705426751,0.3292046485203503,0.2419917865149122,null,null,null,null,null,null,Healthy
39,B,0.25071584021716165,0.3868006896035161,1.1768030836737207,0.6148014797755563,1.8899880361789634,2.334076162492789,2.7057258263797253,0.904721139,0.24201501385920476,0.12672718751335482,0.36975638762041924,0.4297033710953026,null,null,null,null,null,null,Healthy
40,R,0.064352874,0.2608989675168758,0.762969846,0.48427922331777046,1.633398462356564,2.8034649403650165,3.188783536536992,1.1021538576178629,0.4237683522124982,0.5350339584905663,0.530061732,0.3958117711670485,null,null,null,null,null,null,Healthy
41,G,0.097931843,0.18207356853507978,1.192932080869766,0.4580504769837726,2.251240562301074,4.063321591987307,5.527037375948569,1.6297524140713644,0.4576185238892133,0.12609861130942848,0.075065337,0.27166820997502267,null,null,null,null,null,null,Healthy
42,B,0.072127891,0.5251914902286499,0.991909744,0.5031515944787939,1.5113595511770868,2.2439038993836746,2.286636746112782,0.8609007677899815,0.21541813238518187,0.34982956673595667,0.25683789341967905,0.20139607581438687,null,null,null,null,null,null,Healthy
43,R,0.08149376,0.3861227915286694,0.8941906779223463,0.695391453,2.058657176790975,2.8568087671297806,3.759914566021392,1.648401148151888,0.7700879035946574,0.41564415258949566,0.3234711837873953,0.3483553412903037,null,null,null,null,null,null,Healthy
44,G,0.11794407500605954,0.04832394,0.9456467392561373,0.5264199170866664,1.9777745335912296,3.366508928050123,4.5435602078480235,1.6294249843322184,0.24320879326902856,0.00948768,0.038770911,0.17531878433910708,null,null,null,null,null,null,Healthy
45,B,0.2244318660596075,0.4965933273565971,1.2387968807552747,0.7524824525836205,2.1202934408497036,2.8181739817801925,3.214553128850925,1.273124642427454,0.19506505061555512,0.31110949790790754,0.29030918848629095,0.2446183368019244,null,null,null,null,null,null,Healthy
46,R,0.21518957965325997,0.2357383465227594,0.7291558099539036,0.3892266440229749,1.6587916612249418,3.054794452319562,4.083244582752447,1.1409726465226935,0.5230494696385026,0.40222001300162813,0.5009989996989911,0.5873277523029007,null,null,null,null,null,null,Healthy
47,G,0.11855524631425532,0.11085322059755383,0.9367923612724474,0.6430656142799699,2.426280190198125,4.876152193413503,5.021723067188266,1.3691625033091168,0.42970567743184646,0.2228753371231855,0.13011053098360656,0.3432642979859825,null,null,null,null,null,null,Healthy
48,B,0.1851325954389196,0.3911871186830691,0.9012855891116902,0.6479494354190791,1.473612938751871,2.4605880806336673,2.447319050005483,0.96969586,0.1992851013673887,0.23035335390756873,0.2264016664636536,0.088470853,null,null,null,null,null,null,Healthy
49,R,0.19474719733104123,0.2967740104609842,0.8312559115914319,0.47855593392392526,1.5788779740335233,2.4045116861256144,3.3403719393053946,1.653476026,0.4644876563454718,0.6124497539114643,0.49263783535264544,0.5986274726520111,null,null,null,null,null,null,Healthy
50,G,0.019783394964973302,0.36573904983538347,0.5957854090262765,0.7022578194236281,2.279790554535164,4.907744104037548,5.293441032586643,1.4894668152656796,0.3616995917114729,0.2882714220013219,0.2187262179078891,0.2931800548799413,null,null,null,null,null,null,Healthy
51,B,0.1390351537301403,0.45170125645885234,1.1893412432299173,0.48287773464608613,1.5792438927775905,3.0069286546894927,2.5947148833920917,1.1383083237084353,0.3461632296405875,0.4901272603379031,0.15659162539099925,0.18099905108083866,null,null,null,null,null,null,Healthy
52,R,0.10555372744939118,0.28439208021025236,0.5167442012627707,0.43347336704927125,1.6675918001107353,3.0245204490882047,3.148078712081486,1.5395669964390533,0.3424748591526092,0.23022392835899239,0.42392157312551176,0.6412739780691511,null,null,null,null,null,null,Healthy
53,G,0.2313299127569236,0.27089755,0.8707246740587536,0.7967492750317811,2.614391027200123,4.213315180282006,5.542713352565776,1.5547448511745379,0.2477053279598228,0.3352486296738126,0.22704404642261095,0.2787005748823379,null,null,null,null,null,null,Healthy
54,B,0.21258245854991364,0.395271318,0.9650296132503027,0.6197900243029593,1.3280080930415605,2.2933003798298963,2.4681066827387004,0.8439808937782821,0.31580485639307915,0.20378719272283022,0.23297133277032012,0.2504210275663114,null,null,null,null,null,null,Healthy
55,R,0.24604177682482828,0.21869358777860612,0.7930080850059124,0.19802364202296674,1.549110759385237,2.3638129579835674,2.7553774486172804,1.3330965790124585,0.4825662356230302,0.4197151127816338,0.5167270559625184,0.3819621585214502,null,null,null,null,null,null,Healthy
56,G,0.055506043,0.17190378526111472,0.6307470317754471,0.5987522461014017,2.214330198697194,4.156365185798502,4.084438299811611,1.4104635356995356,0.2818010686219895,0.28572698576724226,0.23794142079671676,0.2913876813076189,null,null,null,null,null,null,Healthy
57,B,0.28774616654496493,0.32927931948784556,1.0206709448395146,0.3657500220138341,1.9035337639378647,2.7663516841381814,2.6792131673881268,0.8712815556574999,0.10382621993343191,0.16513306725215665,0.1224752143837656,0.1085756974446232,null,null,null,null,null,null,Healthy
58,R,0.092995083,0.10780485359759316,0.7405926662338813,0.4166954929367142,1.5250993455336994,2.7606104072928073,3.5224920881411834,1.4299414697105621,0.44736174495326125,0.2610299453596541,0.540265223,0.47321880515483933,null,null,null,null,null,null,Healthy
59,G,0.14318880139800422,0.2990552040208287,0.926546091,0.7254788295995064,2.250561441515221,3.492809995233162,4.471849603226585,1.1499441476348662,0.41124800913212073,0.078178524,0.183909351,0.2910880940590632,null,null,null,null,null,null,Healthy
60,B,0.2825914205001863,0.22955128270252947,1.007079903662661,0.509119663,1.6176204624989337,2.087893019431017,1.8818793021049645,0.9353059595168522,0.18886565932486646,0.15533986921069015,0.20042361046186596,0.11097896569517404,null,null,null,null,null,null,Healthy
61,R,0.1211841189968599,0.1701810600432907,0.6467759606541541,0.8309100456302472,1.4625608686807714,3.000125461220621,3.674376476143267,1.7621223693379526,0.568298393,0.3987072897391589,0.5814974598728104,0.40943430751546545,null,null,null,null,null,null,Healthy
62,G,0.032459551,0.2217674535696587,1.0596091044068001,0.43646985174189373,2.6639341306880997,4.354445359221551,5.483004873060478,1.4736262888535534,0.33773260829921303,0.19255118918782102,0.015866317546239104,0.3127324816692016,null,null,null,null,null,null,Healthy
63,B,0.049400102145924905,0.3440864132753605,0.7491555613589562,0.47882526535853903,1.7241736922205204,2.691300880220339,2.877517543,1.0151693699996454,0.32347745582031284,0.2749250347650055,0.1569261947312412,0.1005102473588191,null,null,null,null,null,null,Healthy
64,R,0.19089396499599215,0.17787769411778093,0.6774714631432529,0.22055163972640165,1.3825287251868614,2.848495171722661,3.0241822921684998,1.2078064800573585,0.5832604059998145,0.36939862074599605,0.15920836783147949,0.43857817855205267,null,null,null,null,null,null,Healthy
65,G,0.12789362617517577,0.42591272240659384,1.085000720604346,0.7380304174403176,2.3940599292054436,4.0223558274267885,4.9891252761540805,1.5672742876808194,0.43286719182113736,0.23215318573267288,0.12829491102048327,0.27447252400766725,null,null,null,null,null,null,Healthy
66,B,0.1978661364648509,0.27209858273373716,0.9270025869205568,0.6016216409297036,1.4648830908429167,2.2004645928115996,2.605488983229165,0.6677398796140364,0.4846522708776656,0.2911111393022542,0.2991475868327777,0.039734643450688244,null,null,null,null,null,null,Healthy
67,R,0.039263864,0.15071495458363257,0.8192035665469183,0.46974880728009055,1.854475215476159,3.0565512295185635,3.8306553038763975,1.6345186042340976,0.25728122098862033,0.643844184,0.5274192912731125,0.6121044423285465,null,null,null,null,null,null,Healthy
68,G,0.1899866136156875,0.42261091807971274,0.7643796951094819,0.6587413529943854,2.5171302624827097,5.106928536339036,6.661585353,1.7214643193913113,0.41097337595831923,0.3244561559385181,0.31504803727922764,0.17104490902870126,null,null,null,null,null,null,Healthy
69,B,0.087011278,0.24874592396996348,0.8944002950723364,0.5910807258014689,1.485326444736065,2.5560828945075658,2.236415553153737,0.9731710885066969,0.1997732051972132,0.11178996766775963,0.3227507337190855,0.022483136,null,null,null,null,null,null,Healthy
70,R,0.15994729583788073,0.25455652370554266,0.7904663384431712,0.5029380494004084,2.0329814949569847,3.1407813625834753,4.050329764055202,1.3075780944562883,0.4548620611001691,0.47553387709454725,0.5743198234072068,0.511312008,null,null,null,null,null,null,Healthy
71,G,0.14472809522492386,0.26305361439128866,1.113437359622204,0.6658862691071995,2.724295055931407,4.559650107814427,5.522908829102817,1.4003256993352542,0.361151755,0.2929557308083219,0.3504237219702928,0.10380676220432655,null,null,null,null,null,null,Healthy
72,B,0.2234617837541125,0.22326361202677245,0.7927032533210501,0.5819649677139284,1.6994323073515065,2.6497337072063014,2.4695465858356664,0.9442003363553052,0.1619092033235978,0.36835361569991837,0.22827657634250245,0.13855939297612035,null,null,null,null,null,null,Healthy
73,R,0.14654284522782463,0.29168337850748816,0.6883929389341076,0.7342183616788154,1.572725225728076,2.616234679439913,3.292169870631277,1.3820901091961622,0.37428645484732176,0.299171099,0.3821561589985515,0.42686183040786607,null,null,null,null,null,null,Healthy
74,G,0.1740481920828823,0.17699000138587845,0.8988474047649199,0.6289748605015977,1.9610522816839604,4.633128315219174,5.733165641118266,1.464147486806958,0.7162425111011862,0.2724647970559829,0.23267149674654197,0.20967721633688563,null,null,null,null,null,null,Healthy
75,B,0.053520946,0.32421765786853124,0.819741132,0.40339293857453795,1.6474631471588934,2.2559514049650367,2.5297773204103593,0.8824986969890527,0.4620442529462146,0.2368167393975448,0.11897026888030658,0.086511131,null,null,null,null,null,null,Healthy
76,R,0.15776597596700914,0.2147058102591812,0.685156865,0.34693870345506544,1.5459159064972443,2.8322981455160203,3.986794520096814,1.5445899087496764,0.6106515073280606,0.21917881095781377,0.4957107286063593,0.5145169609240919,null,null,null,null,null,null,Healthy
77,G,0.092350475,0.3819200330222284,0.9487439964485035,0.3740628246244628,2.393399340331688,4.450223126130323,4.095862995306259,1.247005687686331,0.40764978685061865,0.20756079276771972,0.1615101117977266,0.23238677426094212,null,null,null,null,null,null,Healthy
78,B,0.10582602935219233,0.2832750230243677,1.0596370756398172,0.4219964248691931,1.4721724028309744,1.956177849933598,2.510911366881734,1.0486827582014213,0.3173065860158915,0.13288081682272046,0.11873805664521697,0.1915275199062838,null,null,null,null,null,null,Healthy
79,R,0.11052833036280177,0.30041316259408374,0.9413325847772869,0.5592381161406127,1.7306328709744407,3.271186545514256,3.624399828910279,1.9668399798715346,0.7868119429067554,0.36224072577475436,0.5194400096085254,0.6639584358797413,null,null,null,null,null,null,Healthy
80,G,0.12432055048998264,0.26498558601191385,0.9090228122069025,0.5751311144653924,2.221629820443067,4.064165622128641,4.727992244194889,1.4630730806594237,0.44561434374930037,0.24205611522131365,0.23165913002191782,0.2960079440166961,null,null,null,null,null,null,Healthy
81,B,0.1278961881340452,0.4926442652011352,1.1195803426776083,0.5684416106825305,1.7635603840306355,3.224741027470601,2.813214120611178,1.0429764846660994,0.28864634776298803,0.27178623177445305,0.096144922,0.19658904342145286,null,null,null,null,null,null,Healthy
82,R,0.088034487,0.2601996569860487,0.7845320424519749,0.5615739982557982,1.7823072166320952,3.044324854359474,3.5009115962213837,1.6488793573761664,0.5269951849334937,0.5326332186842654,0.5924343803827569,0.4435022085325129,null,null,null,null,null,null,Healthy
83,G,0.11737624912308965,0.36650739296248186,0.8310950593173748,0.4043885640608025,2.1469211280461056,4.455420717920564,5.0497426252506745,1.293104060765179,0.20050448186565187,0.37819856707996385,0.23100040853753276,0.15700320509363094,null,null,null,null,null,null,Healthy
84,B,0.26260859759692967,0.42216771052889457,0.8228835085354914,0.6604560602302052,1.677785294162635,2.9595601480446763,3.125393254733246,0.9354436474857559,0.47724581297849866,0.11527602419297005,0.31331968244889424,0.16951486223006992,null,null,null,null,null,null,Healthy
85,R,0.13546778104837712,0.1994561721632844,0.7184995460302136,0.37544339209857747,1.450080055250447,2.3948751423612293,3.4710135333179335,1.483111940350165,0.5046184048229941,0.3309090941181043,0.22604236215935677,0.4503084804013283,null,null,null,null,null,null,Healthy
86,G,0.1743825753364965,0,1.0627890721736224,0.5857785257428508,2.546715857654225,4.5658526643901185,5.627164208861993,1.4683652251542028,0.36026486063814883,0.141150812,0.3966027820581338,0.38238763501490325,null,null,null,null,null,null,Healthy
87,B,0.11024100254826828,0.22428250132260755,0.7177955853770032,0.3499615917186579,1.256502634067507,2.4213195049007945,2.2731549996520237,0.7709024140011927,0.28385324792511674,0.29576025663911554,0.21336598684809416,0.30094428563774495,null,null,null,null,null,null,Healthy
88,R,0.1893376590845236,0.1002251390399797,0.5992738463066358,0.5308417717901954,1.7781751027529649,2.561445122446399,3.267869091329135,1.4946651737441297,0.5031915011496544,0.4865697329285209,0.4578723489968532,0.27159419380253935,null,null,null,null,null,null,Healthy
89,G,0.2664122946201334,0.28443430089830884,0.7426582172578264,0.4620287047160391,2.328139876601052,3.6404442694782504,5.008904871,1.331951927925606,0.4668072357092689,0.29960474041183177,0.2963818014441837,0.23931667322453307,null,null,null,null,null,null,Healthy
90,B,0.11905032653278105,0.30666389052180965,0.988518375,0.7885222028315831,1.6495105353047068,2.7613059239397026,2.7107412937709396,0.9259600893828956,0.20595717843163786,0.10357568849910298,0.1926933310648559,0.22222887001566896,null,null,null,null,null,null,Healthy
91,R,0.12308240343652782,0.13152238130291546,0.81862795,0.6238283397948791,2.022521149142153,3.2241682861264556,4.107431635,1.7718990884430075,0.6107082893659269,0.42770283625743766,0.4304811106090613,0.5981347245181031,null,null,null,null,null,null,Healthy
92,G,0.22328579560623427,0.35696415274459514,1.0559191773738996,0.7929392247021542,2.735277316259043,4.641539545507245,5.1844891599500595,1.6741969199759243,0.3830741189446473,0.35141850885120607,0.056686007,0.19403927101148086,null,null,null,null,null,null,Healthy
93,B,0.3006839294667836,0.23733385201167273,0.9377575721404025,0.532210912,1.5380007561780193,2.5320613868999775,2.4279935339220837,0.663525407,0.2797424180425574,0.074523716,0.2046933907803175,0.27550923831308477,null,null,null,null,null,null,Healthy
94,R,0.090267455,0.20165898791755815,0.813378664,0.5179700116550712,1.7860444444776071,2.8805035177872536,3.5553959991372373,1.474026689678335,0.5540617965425768,0.4855722836491808,0.43299688041269563,0.5396236821856473,null,null,null,null,null,null,Healthy
95,G,0.1687614333232066,0.20219489234888277,0.7617718673211265,0.7723046227115489,2.1686246362444392,4.1457359611201285,5.108087666196535,1.4611161358245397,0.4529473314781877,0.2382890317106836,0.2983023617595799,0.12784261630926655,null,null,null,null,null,null,Healthy
96,B,0.1222955010484792,0.38064395537853535,0.9553331013363163,0.6000619909162466,1.6544049165875274,2.2775252260931103,2.369203707338622,0.8336357081545248,0.22459877571044493,0.26292949957765827,0.20601728498623748,0.19295321,null,null,null,null,null,null,Healthy
97,R,0.03090704,0.30316211489839356,0.6522657967205397,0.5957258142462638,1.435934472,2.388435453972961,3.2592105585967137,1.3512327317664785,0.6791292282756776,0.48052330338375226,0.5352167542151498,0.5209712703928158,null,null,null,null,null,null,Healthy
98,G,0.1900175191786468,0.3399440171174189,1.0639922985442656,0.3693869324058729,2.3069970836844274,4.2322371957538865,5.068044312881223,1.344813029391871,0.15735524630496178,0.20674441946621977,0.10361890249842108,0.17459673914717547,null,null,null,null,null,null,Healthy
99,B,0.3053350724263393,0.46719979638992704,0.9140190293996671,0.5622456254076056,1.758650323674765,2.825286589622909,2.782052850316455,0.8376672420703382,0.24883406289096496,0.22461088945723684,0.11854560625366238,0.2544132163245945,null,null,null,null,null,null,Healthy
100,R,0.31504118855250396,0.20156420942821807,0.6637034199619992,0.5439877794617404,1.8715717229527145,3.138283637003105,4.007094415326404,1.4234795224980525,0.5804526303725668,0.46914459118812085,0.4613293162118815,0.6688611911217318,null,null,null,null,null,null,Healthy
101,G,0.07817865,0.2318373898203881,1.0051027538500688,0.7635184515793381,2.232846975507653,4.357842504153578,5.144038960400757,1.4971994073392587,0.16329880760079551,0.25249221738681793,0.21898405356001086,0.24676338166304296,null,null,null,null,null,null,Healthy
102,B,0.20590509621545308,0.408034384,1.099062504269338,0.5336957989791709,2.1808618083030265,2.556626339,2.5709678244749075,1.0128039415932981,0.24240782989543017,0.080095101,0.10353643966004322,0.23672090210677998,null,null,null,null,null,null,Healthy
103,R,0.11984365106189605,0.26477089,0.849227985,0.8484615618593611,1.635662818407345,2.558418755853244,3.598797536125142,1.494178419977332,0.4791889664097976,0.3637057523336213,0.4351130063081667,0.5880467128251807,null,null,null,null,null,null,Healthy
104,G,0.19051899907776235,0.1952283235373191,1.1858579746609392,0.6795798075007013,2.266245158,3.685988406808482,5.866802368047013,1.2316556330451165,0.29777883156844115,0.1497822069726108,0.16825656780580292,0.14084329337847687,null,null,null,null,null,null,Healthy
105,B,0.16683425585831926,0.3867897366919017,0.536441874,0.34208070496076626,1.3777520633418288,1.9305675140645326,2.1904396368430445,0.842764523,0.29275616705048557,0.25045771416956003,0.088583317,0.2193972136231738,null,null,null,null,null,null,Healthy
106,R,0.31387654825784334,0.1959654631627117,0.8480624920888636,0.49857092540260306,2.3852796509485343,3.4278258162602233,3.6970295110762303,1.7941780543917212,0.6432171221293702,0.542476313,0.3599970329369059,0.5562600481759462,null,null,null,null,null,null,Healthy
107,G,0.046775037492153865,0.23701759893760538,0.7646235330372456,0.6125150246713947,2.717675244564457,4.181314367918059,5.990583360298344,1.4448966749390784,0.28686350007579603,0.4318755409458552,0.17955222807239904,0.11754731763595273,null,null,null,null,null,null,Healthy
108,B,0.19627470218561516,0.2847667494593793,0.884184987,0.49550467636678747,1.6610949814284068,2.5951629193357535,2.2834789151086237,0.49530491206980537,0.3750035568631411,0.2611825172754513,0.376612533,0.26383087429370444,null,null,null,null,null,null,Healthy
109,R,0.20256109223132002,0.21876453331568932,0.4872796132796801,0.5699979946609915,1.6364326837687362,2.9556065572248413,3.2468789733560723,1.3930673225857955,0.5510719902303728,0.4949354346748074,0.5280655732366526,0.48610315040353036,null,null,null,null,null,null,Healthy
110,G,0.080562873,0.4305702198089302,0.7667282233286921,0.3849182313509987,2.458644553,4.431834506530782,4.971658902722221,1.8205184161151975,0.3563148676209263,0.18552941721892618,0.064220491,0.2560200611310811,null,null,null,null,null,null,Healthy
111,B,0.077356344,0.17818401436329065,0.9142566586725839,0.7637570197768987,1.7898942440121601,2.6560260909039166,2.818135400389656,1.0015982641683658,0.36166738831990725,0.39195559919381434,0.073784111,0.3699570187133154,null,null,null,null,null,null,Healthy
112,R,0.081392459,0.29507213339951366,0.7627527451344428,0.4600553289129254,1.9121622504356879,2.9744533363529877,3.928971531977671,1.4065794497315507,0.6526999490713089,0.610442522,0.5429923942664967,0.5122685841789987,null,null,null,null,null,null,Healthy
113,G,0.061711444952656194,0.11310122788863944,0.8346192593063536,0.46255393862034383,2.110007899,3.559842745357768,4.935278447939467,1.2504990690321443,0.25450199679811536,0.10787006898451422,0.18730967500990214,0.18231806328994124,null,null,null,null,null,null,Healthy
114,B,0.23920040114549612,0.36352644581074217,1.1427902486107357,0.43074393194019106,1.763487885,2.7252877924118213,3.036566597479162,1.2328534069374062,0.3606040494063375,0.19073541940582706,0.34584727267975784,0.15795944040789278,null,null,null,null,null,null,Healthy
115,R,0,0.1507906230671379,0.6690569404399314,0.49399794739975716,1.7377569727377153,3.1552599527159515,3.691105359623873,1.6487476285220362,0.5671832613284034,0.16957779793015776,0.3613340684772368,0.6396733917831682,null,null,null,null,null,null,Healthy
116,G,0.070104858,0.1422306825926342,1.0003974895297643,0.5825073464537641,2.4275700969793603,4.627116701408223,5.161673043945302,1.463127926929996,0.4848155298390902,0.098055898,0.46441312017877656,0.20928927906388756,null,null,null,null,null,null,Healthy
117,B,0.2611774554183296,0.30015398382536657,0.7884612109435799,0.619229441,1.667226859287791,2.156230658546626,2.1960396139474145,0.8735507472606371,0.2953087502944715,0.283090989,0.18530527113431364,0.2886043656708769,null,null,null,null,null,null,Healthy
118,R,0.17512214520678238,0.25548366468611805,0.7784107832270653,0.507940292,1.4510794958535351,2.5906177982642995,3.3762226632655685,1.2037195543524886,0.45932219934777735,0.3628732888010436,0.544483689,0.37069534666409704,null,null,null,null,null,null,Healthy
119,G,0.25552653288323834,0.4153399492724619,0.9243169195467404,0.7581525559760993,2.0908336973626933,4.539241668160252,5.508069678,1.3818487430540192,0.3310267155784836,0.36910861013237783,0.17509668821258811,0.35495436549616394,null,null,null,null,null,null,Healthy
120,B,0.053876891,0.3511982981832928,0.8433541518136674,0.5498294061078339,1.3904997606229272,2.190076383454467,2.088946847999405,0.7719329584315067,0.2709020312452337,0.090298383,0.074925437,0.20489131112160555,null,null,null,null,null,null,Healthy
121,R,0.22336902154682392,0.3404686152946164,0.7126389916183608,0.3840312374971659,1.6621860441847647,2.9352196309267384,3.898893481284131,1.4230857386494842,0.619955919,0.5722286761707016,0.4017044706608817,0.5735252499388204,null,null,null,null,null,null,Healthy
122,G,0.2370732036378545,0.20002605081001726,0.8151985165386668,0.4816288320040502,2.4866320021068637,3.7320435798089533,5.252351638087047,1.5691241751255682,0.49485004245932146,0.2493222528120087,0.2299398027344528,0.30143742028077214,null,null,null,null,null,null,Healthy
123,B,0.1997110604536258,0.596977668,1.0299026931023134,0.6380674206432704,1.9271166459464004,2.688146166717086,2.7283506785442913,0.9174014435168393,0.3875044709154639,0.29025869006668575,0.26317753708289027,0.019146827,null,null,null,null,null,null,Healthy
124,R,0.11897539335558241,0.28043907752545905,0.8350907453742273,0.3608093867011254,1.553502744020967,2.2696943503066116,3.6382054570903932,1.1679686852383306,0.5720373574950347,0.39688247585562303,0.3061644715030756,0.3463540299736953,null,null,null,null,null,null,Healthy
125,G,0.073446006,0.24660928658305473,1.105083935195339,0.7389880170106329,2.4972094105239044,4.818525248003157,5.076880011082528,1.6627972431416556,0.1829018031092214,0.11880889383172517,0.24443632761740774,0.1281978811729048,null,null,null,null,null,null,Healthy
126,B,0.14768300554285999,0.41652113099070276,1.1448426863171828,0.4773177848404325,1.5585791076220352,2.4938053545148526,2.9038405737630035,1.0806045799655573,0.428597788,0.19402530028539744,0.22086197441322977,0.10075646851806086,null,null,null,null,null,null,Healthy
127,R,0.098873163,0.1488837913615766,0.7253167513094804,0.46974931783739193,1.2717384802092055,2.4981783909619337,3.530469040692196,1.246866779856798,0.4156429709083372,0.6063373065698928,0.31604807677085894,0.3327325275476362,null,null,null,null,null,null,Healthy
128,G,0.3610912695309483,0.33483599036493306,0.9897561369067631,0.5556769153714006,2.730390599961248,4.9580945731223975,5.955825553943327,1.4063570526449347,0.23516223869567737,0.4821576109874649,0,0.3938930823406546,null,null,null,null,null,null,Healthy
129,B,0.16725467300328567,0.34710565774189506,0.892459655,0.45326672865625417,1.379547452425937,2.527962419121785,2.681865620844404,1.0190089354478833,0.3075553903167815,0.10054837409731786,0.18763681773346827,0.2346629369713691,null,null,null,null,null,null,Healthy
130,R,0.11878644403080661,0.20406259357526882,0.5427786559108002,0.33020817631365257,1.9585654670802906,2.669751054461181,3.2223247677646105,1.2126994375187152,0.47653146482667863,0.46491899766810024,0.4524957429064265,0.4145322310341875,null,null,null,null,null,null,Healthy
131,G,0.16639739622894464,0.32717161065249495,0.9352967491725582,0.7445079261949441,2.915770191013755,4.367145976362986,5.253775817926637,1.4651659433716324,0.24937691903617482,0.2919402579447378,0.32318089444178033,0.16474583939768248,null,null,null,null,null,null,Healthy
132,B,0.23001842717076632,0.31077283198116235,0.8443873881208744,0.39593203200077987,1.629186030360606,2.2262455437387216,2.392032243403715,0.8530972925521838,0.3066741853495785,0.2273901950865145,0.14071958691825112,0.2086467772656704,null,null,null,null,null,null,Healthy
133,R,0.21005720151541624,0.2486047500879242,0.9354934581088686,0.4784600977656527,1.5148537932003376,2.9641848438493725,3.4903215694254346,1.5186053238690531,0.9224336988960037,0.5074067170036224,0.27914282167056975,0.5131094582225791,null,null,null,null,null,null,Healthy
134,G,0.11377631392246275,0.3414697775705548,0.8448079751093743,0.4966563363998791,2.2505487855040545,3.7125616610312444,4.722394206998015,1.5559137754227568,0.2423578798225917,0.1383900070103455,0.1831848763902935,0.10172332536348187,null,null,null,null,null,null,Healthy
135,B,0.2928111648786883,0.4492874333791543,1.026030010156485,0.3392537319867832,1.6354738280170993,2.3031128493455286,2.395072359415077,0.7427926239167549,0.36540669403051523,0.2836743180246007,0.21941491341494007,0.44172325244390687,null,null,null,null,null,null,Healthy
136,R,0.18912826568384342,0.2562095880430398,0.632960647,0.6029678494663913,1.8460584162105944,2.849599031518439,4.487266299772753,1.1863254049045124,0.4133325496670267,0.47403970402403595,0.2320394329212231,0.5818841751029825,null,null,null,null,null,null,Healthy
137,G,0.10832392627254726,0.4882657522631948,0.807652151,0.4916742870191506,1.8474986936273095,3.931146370142887,5.433831862839738,1.314981915414331,0.35794705156465806,0.16934976772743104,0.22911962317114523,0.16876907121689178,null,null,null,null,null,null,Healthy
138,B,0.28662180550467153,0.22912550478092494,0.7805450444655889,0.5369627962477185,1.7422095761214251,2.2693327522863043,2.6144636039962643,0.7371946188085814,0.4094241219746653,0.1202007784187526,0.30068606257733693,0.047063261,null,null,null,null,null,null,Healthy
139,R,0.047551618,0.24981953116386857,0.7260472997980912,0.507906407,1.795959054578003,3.229400337033473,3.8660273965009204,1.4580725284281009,0.730539277,0.34779601120918463,0.6320773778067714,0.5589425709134882,null,null,null,null,null,null,Healthy
140,G,0.095886759,0.11289699111906334,0.6591680959363541,0.5329734894039899,1.9718359986831415,3.5612427961972357,3.8703340410770957,1.2033251678379118,0.4270215452153101,0.2609558712756997,0.1652575551670603,0.23908543316158343,null,null,null,null,null,null,Healthy
141,B,0.17264896178788178,0.40955773414583563,1.2181073831490283,0.7465568343495271,1.849210458768749,2.9062712434681353,3.226007559730836,1.1689228919435721,0.3890624433235269,0.18018547980708202,0.23671426647493543,0.1654118197147516,null,null,null,null,null,null,Healthy
142,R,0.037871795389021155,0.3613586033965269,0.72391301,0.6296389183960958,1.8822530963282713,3.1174358411491974,3.8450893717739363,1.667349628,0.5763721667793156,0.49661596462150326,0.6336612346749865,0.24219519409179832,null,null,null,null,null,null,Healthy
143,G,0.13949205854598024,0.1568657219259162,0.7326708602004468,0.6515797842630672,1.7681405327578819,3.9887494471559855,5.131773012852695,1.4588780745325751,0.353487183,0.22456773981808095,0.24453897763841967,0.14652269501510018,null,null,null,null,null,null,Healthy
144,B,0.21563225792154417,0.41324750576296015,0.9292177195411602,0.47762984508583006,1.6659313949527392,2.869890017063407,2.493777290450792,1.1964296864591446,0.38107655964187875,0.095819078,0.24283494052178517,0.4564116840146013,null,null,null,null,null,null,Healthy
145,R,0.01892416,0.16127211377432285,0.47065503873364956,0.5892578873800717,1.6135199353034686,2.651069546650713,3.9028151003371607,1.5308917776873912,0.5429816758328354,0.5420510728020486,0.503417163,0.4763418357610192,null,null,null,null,null,null,Healthy
146,G,0.41602284055499794,0.4459063752745001,1.0203243637694592,0.7830008799763014,2.208484927910468,5.259062939006608,5.879868875592904,1.3821552782721582,0.20522094928480536,0.3190237551062893,0.2743644696770701,0.1977224926888104,null,null,null,null,null,null,Healthy
147,B,0.14076383972465858,0.24387615203436142,1.0242521418579218,0.500335774,1.6012154344591998,2.2182552404912523,2.4962244766591146,0.8338456447614082,0.2576317726788855,0.25468442492820664,0.22497223394913077,0.062208568,null,null,null,null,null,null,Healthy
148,R,0.11862597226526245,0.084524233,0.8072505309247069,0.256674302,1.6619877651112398,3.3721911032455343,3.493596330087998,1.5350736035721895,0.5386942302809917,0.5180695795687325,0.4055970163030971,0.5579504782303079,null,null,null,null,null,null,Healthy
149,G,0.048437343,0.16131730054902854,1.135928937737337,0.7199582614530217,2.3025520513630284,4.919328821512445,6.139022626734937,1.2811789175954957,0.43330353011345607,0.3078514734261162,0.22247726152737077,0.1754783623566243,null,null,null,null,null,null,Healthy
150,B,0.26350855183876887,0.4729116715348642,1.089333140507773,0.4800823942279147,1.4355114526973842,2.2970972345367398,2.495224334776069,0.9516149904094031,0.26944812061978657,0.095838911,0.2356239784907977,0.2271344366752904,null,null,null,null,null,null,Healthy
151,R,0.12290139327578412,0.2243083674037206,0.5691294641202354,0.476860581,1.8206339738496558,2.6410056734677085,2.871243019990839,1.3517315626189714,0.6355980591385694,0.3582670669349963,0.5398924146599522,0.5058617237497711,null,null,null,null,null,null,Healthy
152,G,0.10919921540862684,0.31284949011724555,0.8036273183104435,0.7456093457152165,2.641872198543237,3.844038386291267,5.525907518092371,1.2353248440433997,0.1532884754706262,0.11185713256605234,0.23025548151116806,0.25589253904886966,null,null,null,null,null,null,Healthy
153,B,0.28558555675363606,0.2977827394874059,1.3551652438621864,0.4855127997025091,1.5399163049222808,2.9428570160522693,2.6891177223195557,0.8854774849100897,0.36525765943685323,0.076020616,0.072803249,0.37380287679281665,null,null,null,null,null,null,Healthy
154,R,0.11823248928403787,0.23352839554828425,0.6494380942924027,0.5540484995180202,1.638555479890332,2.6550196283856486,3.263622474525246,1.6561452152217575,0.5750687788626261,0.5538839069693132,0.5838325687812483,0.48104053805557073,null,null,null,null,null,null,Healthy
155,G,0.075643686,0.2352217526654988,0.9972315118021904,0.6233499110164593,1.8683397731700397,4.399763962557384,5.965289357232155,1.5092624443604221,0.4310286849913749,0.2909462567891062,0.088048225,0.3171837685719826,null,null,null,null,null,null,Healthy
156,B,0.10878184877042636,0.2441985151448957,0.9207625857311699,0.5665057371413419,1.7401928692263853,2.424965709668704,2.3077766416078767,0.7344801086641968,0.34072001068319163,0.064652391,0.20954025774796248,0.099524167,null,null,null,null,null,null,Healthy
157,R,0.12163866892692662,0.097977416,0.44166742039082046,0.21595174625155697,1.5640520899200714,2.1678489788442916,2.8005375702933692,1.0796990583854158,0.4074382120507263,0.3845575553019008,0.3409968835544023,0.4585084034546897,null,null,null,null,null,null,Healthy
158,G,0.31923283504395983,0.40924927823708634,0.9641721726304202,0.6456768494483927,2.418518976073333,3.8341626302710705,5.367894687,1.2314239745024658,0.34389305799581144,0.1438478497360873,0.1639958674530626,0.2285985694406383,null,null,null,null,null,null,Healthy
159,B,0.078504797,0.43065568296926005,1.2997797438334253,0.7248459445982881,1.3962277698773236,2.614119514376199,3.038085392,0.9961426679209435,0.22355579442786522,0.13416536206122243,0.19825525917960735,0.11562362572795484,null,null,null,null,null,null,Healthy
160,R,0.18037961522585996,0.10841283204384553,0.7328549054704518,0.49382091364074204,1.8817077059826552,2.744732292,3.1301642096413445,1.384105188069031,0.387566963,0.4263796403730082,0.4389629193966814,0.5555463410131594,null,null,null,null,null,null,Healthy
161,G,0.1478734390207879,0.087498726,0.8062815391858322,0.4227340780831835,2.2228508083377543,3.3438632421469237,4.570684613052399,1.587397072912571,0.316912142,0.14790732235717619,0.22980963912910266,0.1266381228755506,null,null,null,null,null,null,Healthy
162,B,0.13664026661880657,0.206603506,1.0742952318638623,0.5223708345843405,1.5621187036287498,2.7276606054454913,2.2125742862750135,0.8392166506777844,0.18283400350758783,0.3037027480276854,0.27784001260109026,0.17665577176777808,null,null,null,null,null,null,Healthy
163,R,0,0.3443648199404735,0.8701358516126304,0.5520417077938226,1.4744091267965265,2.7732513722111363,3.7915558428151046,1.6065719194391017,0.6413114774007027,0.5545879859027716,0.5688760925158108,0.5409621248228013,null,null,null,null,null,null,Healthy
164,G,0.006461086,0.3819006896428196,0.7915453225705599,0.864380803,2.654231065544914,5.462907245510766,5.429206988589976,1.540334624220851,0.5463250583934711,0.27979739407492965,0.31625401348349874,0.28572682252201465,null,null,null,null,null,null,Healthy
165,B,0.1876267365848324,0.2760286575283199,0.7912891656632719,0.683687399,1.7118141461315233,2.2890369690445924,2.6858802056177704,0.9472395785386502,0.28250540253299317,0,0.17293957614355196,0.075359859,null,null,null,null,null,null,Healthy
166,R,0.24834223547500667,0.14466268146074174,0.59232797,0.5161811756454532,1.9264808732010223,3.2534116666310555,3.133620477,1.9762304424654604,0.5321953743264999,0.46236745897680864,0.45996022642721535,0.6655080464658488,null,null,null,null,null,null,Healthy
167,G,0.18574329071494494,0.4330447375721988,0.7437240456409063,0.6146653054671445,2.0063004542537928,3.612694763226768,4.124227033001874,0.9532860366208267,0.2916362518033758,0.11254980847478117,0.27508294545838796,0.12858359301904324,null,null,null,null,null,null,Healthy
168,B,0.2043005497456801,0.1847965131567152,0.7397002357214087,0.41079971601804494,1.9442619286230667,2.462167986073282,3.2171270933943226,0.8844956113321968,0.40552597180704697,0.1993679593387968,0.018015042192863963,0.31036854496007854,null,null,null,null,null,null,Healthy
169,R,0.24436764660303398,0.29964331463020166,1.035108490748321,0.4696615508492519,1.725777118692753,3.1094786872754407,3.510860388,1.905676131392144,0.5386371770512997,0.5739195427826107,0.5851954586334697,0.571773223,null,null,null,null,null,null,Healthy
170,G,0.092126952,0.32043545671210594,1.0706987140350313,0.5870407526408306,2.4408443569717306,4.146785942118713,4.985073022360555,1.5627341855998724,0.500408506,0.25122793530966964,0.2749265635891448,0.035546062734020126,null,null,null,null,null,null,Healthy
171,B,0.21291787729108497,0.3774024907620424,0.8634131842573637,0.39394957326058283,1.2120124112506572,2.1449823767170586,2.0217120895310536,0.7596494850206214,0.2639512137024731,0.2012085081522364,0.089336414,0.216349381,null,null,null,null,null,null,Healthy
172,R,0.060109604,0.15397863035669881,0.6516789245222205,0.5481315084208204,1.704291731359804,2.857430457578181,3.709576594298275,1.7530135599694994,0.7620615845783906,0.5723913858174878,0.6178433456337313,0.38302665483492976,null,null,null,null,null,null,Healthy
173,G,0.1999466300166024,0.28773011536481025,0.7683033708638517,0.4743307305725069,2.041047195548498,3.101012563366725,4.513553040727363,1.3989641945164524,0.38063030010091203,0.14831272726442207,0.19689137728148007,0.2333813747892945,null,null,null,null,null,null,Healthy
174,B,0.035224047,0.2432193013866573,0.8899981887750785,0.5371251887766114,1.680315005484762,2.1704960879460065,2.5505236616445526,0.7477478219107287,0.3782783224990731,0.14447713537439003,0.20164985999608318,0.032083482508277084,null,null,null,null,null,null,Healthy
175,R,0.032204176,0.23400465602257972,0.7633863924226636,0.5049769855934884,1.5845115215623438,3.4064243071058407,3.647482506261849,1.739471704583247,0.5298831883450333,0.39216784423213596,0.5533037136641917,0.5741724538443648,null,null,null,null,null,null,Healthy
176,G,0.34869989788638006,0.2868210564388627,0.9636903401183344,0.510376678,2.3188375304186457,4.350862364247043,5.588533846400095,1.438788291136419,0.3901354257085962,0.11069960387463912,0.350118316,0.29712575958164816,null,null,null,null,null,null,Healthy
177,B,0.088729678,0.31392515889094097,0.8680444293847096,0.5626354483964786,1.6151994642980214,2.3466677833763705,2.4782453604520165,0.9371722993989453,0.3185416816402943,0.35377540214659337,0.19331453667080395,0.1425676821002893,null,null,null,null,null,null,Healthy
178,R,0.16649143621334475,0.2000329013533106,0.7391615408716741,0.583764243,2.0692939322770116,2.786188044134615,4.439511739468173,1.6911288899092185,0.8301634782392295,0.4599204953220726,0.17200452193069346,0.5041528298763146,null,null,null,null,null,null,Healthy
179,G,0.095442096,0.21363530450126733,1.1020162418672952,0.6486596165873985,2.7698686776348787,4.710180051198627,5.707215569325887,1.6539142462925034,0.39150537991449497,0.32202991145887305,0.2525183996484496,0.23212609834144868,null,null,null,null,null,null,Healthy
180,B,0.3368692165402289,0.3670815610286116,0.9574802381690002,0.8080607128399998,1.9354649114006235,2.133086048941784,2.849573075568649,1.0693089214522233,0.3966699964917085,0.070836085,0.2554732621027138,0.090796199,null,null,null,null,null,null,Healthy
181,R,0.23087656499349316,0.3239556803503168,1.001638423480657,0.5920875231270304,1.8172886115213498,3.6012482415358367,4.3798896046507085,1.7061052018660465,0.7334909375201258,0.431303224,0.48876702560202984,0.5942733502609134,null,null,null,null,null,null,Healthy
182,G,0.11528747763776824,0.29939873106384224,0.8639704480736379,0.5836683264231753,2.458256598861646,3.416187222453454,5.266420352670539,1.5592558758447521,0.15045412531489152,0.15294437629437357,0.20775392135106283,0.26613413484678694,null,null,null,null,null,null,Healthy
183,B,0.25428930870588884,0.3361178176293097,0.8209606066599006,0.5631718312529191,1.5883410201054777,2.5517573956779898,2.552202903275534,1.3697617925420957,0.17224302142710893,0.18231219602393745,0.3110423498888964,0.21837739652200797,null,null,null,null,null,null,Healthy
184,R,0.031223630833793647,0.34093781993386163,0.7789575729584405,0.5369944682705995,1.8412026197677036,3.2771443875227355,4.602321225701677,1.7582337446811878,0.6983201385507439,0.6699980598445938,0.44132993034493256,0.5374209216182714,null,null,null,null,null,null,Healthy
185,G,0.078251095,0.1940252455019459,0.7881031905232907,0.5843513642705076,2.0155584901807133,3.7154610348666113,4.008475419895385,1.1950783740418411,0.21669050406064524,0.2584506856377281,0.2371244690707891,0.10728375302752542,null,null,null,null,null,null,Healthy
186,B,0.028557362,0.37809992326713976,1.066318574975016,0.41832785509373444,1.4915977351506307,1.9479964521295308,2.6577795980460235,0.9580565748816646,0.098296976,0.19390692827440306,0.25987377482124313,0.068558692,null,null,null,null,null,null,Healthy
187,R,0.16151905648756648,0.4602339297700312,0.7297180698214766,0.5926898892578313,1.704037146898928,2.819194934050581,3.2576183329248813,1.4339849179223416,0.6602664652379064,0.4259172876449748,0.4284898271297705,0.4134533303743822,null,null,null,null,null,null,Healthy
188,G,0.074300215,0.14845827335962672,0.8924533404326642,0.6607043915568381,1.9760172300764183,3.637758377404664,4.936745604481691,1.3776034476815529,0.3114084632953726,0.4394353141241142,0.36823429471216956,0.054569271,null,null,null,null,null,null,Healthy
189,B,0.2076725399021232,0.3552107887834671,0.9699831755507591,0.37548147062741494,1.4226461621005961,2.698113688,2.3266521762379107,0.9514526998743964,0.40465337838586524,0.14581225578531873,0.24505721247239978,0.16201391550031802,null,null,null,null,null,null,Healthy
190,R,0.20575187613129342,0.24014627221973775,0.9034629429521571,0.6844837026610767,2.0660343818020417,2.8090421045822453,4.143977863492726,1.794843917570292,0.7405059855485573,0.43542389233080503,0.5059582588230317,0.46728637112332844,null,null,null,null,null,null,Healthy
191,G,0.18010075155346536,0.2519764024252722,0.8369745156349903,0.7088839671479317,2.2655172877568837,4.418407357520482,5.887864399588538,1.7416752547899055,0.28435060779481225,0.15362862746783823,0.27752207604900697,0.31478235140857586,null,null,null,null,null,null,Healthy
192,B,0.002726523,0.26436211541478355,0.9837726814205784,0.5760032639501891,1.6323811925542215,2.6086613829182426,2.7104323632101304,1.0366156376317825,0.4215412255452896,0.22928117978083737,0.1032886303403025,0.11490004371256869,null,null,null,null,null,null,Healthy
193,R,0.10114548333423336,0.24395202544935116,0.8820611764842815,0.43264687666020263,1.6878053453176116,3.1595649281609166,3.8307444352788877,1.2500961027423996,0.5469798827908862,0.49562790697296316,0.5457756646285024,0.40870862132860364,null,null,null,null,null,null,Healthy
194,G,0.11090724600847814,0.3633009191106529,0.8109118663028644,0.6751585443856902,2.0667202609388498,3.5912699382275433,4.306609657241436,1.3616855859692736,0.29050873579803904,0.2770134898023306,0.090968803,0.2103236860595052,null,null,null,null,null,null,Healthy
195,B,0.20355443844352528,0.268083471,0.9531398869711102,0.6672596989964835,1.9422276720556226,2.666699166068303,3.050594410706366,0.9429564199954701,0.3075937370091401,0.4221597527542684,0.292502399,0.1893956543645435,null,null,null,null,null,null,Healthy
196,R,0.1324133637805126,0.3600313252811947,0.7118100249093798,0.5259050528126487,1.6982554515988668,3.190396332558446,3.5555775596297052,1.6607235512185627,0.6319953606509052,0.5689908995902885,0.41348621913294226,0.40328666424885395,null,null,null,null,null,null,Healthy
197,G,0.1615447470120658,0.2338431668456433,0.9343134013025536,0.5739171893088992,2.057879378,4.470191681438384,4.779095609652246,1.533075631611917,0.31081356566869905,0.18920491507277434,0.024129934591886473,0.16596046078569762,null,null,null,null,null,null,Healthy
198,B,0.2652549340337955,0.32264782025365873,1.1355287324363252,0.7208098450398317,1.9502477296350231,2.5306918281545263,2.588066347768045,0.9365032474851697,0.26153693205751305,0.2481637355364706,0.13811025891082454,0.016773031982573978,null,null,null,null,null,null,Healthy
199,R,0,0.2888782839545207,0.7884807589785611,0.6137615682667518,1.9225591889928924,2.3977274383548703,3.5036303789368546,1.7223626397570064,0.6385354781527874,0.37679951889312957,0.3484248081191328,0.49027571125734787,null,null,null,null,null,null,Healthy
200,G,0.049404224869590035,0.23130492493881225,0.8939710227626904,0.5849771214416151,2.8833693820747013,4.339841651,4.718171244289517,1.755386222729486,0.4552387777976971,0.3349092480850143,0.30723713413816806,0.3712583444023514,null,null,null,null,null,null,Healthy
201,R,0.048656519997665085,0.39459693136134494,0.9236273316269353,0.6359169171696748,2.1530372912575144,3.312011817758984,3.8500435420302654,1.715661975950866,0.6096769818883462,0.5039177574268584,0.5221898089683558,0.5485024523326929,null,null,null,null,null,null,Turning
202,G,0.28595071232462727,0.44168643905510385,0.9238444988344717,0.8623612390702212,2.231875653559263,3.931603231608983,4.935267363605189,1.6680803582868637,0.2316723918891971,0.3566636360122427,0.17748571929506635,0.3157431598765264,null,null,null,null,null,null,Turning
203,B,0.2463727356737902,0.4542608887132643,0.9000056301500511,0.8272333937802221,1.770428226618184,2.4588313331800387,2.4584211249502013,0.9919976863400453,0.2020036142325502,0.3054049937366748,0.3326485679610861,0.090673078,null,null,null,null,null,null,Turning
204,R,0.12209831234829163,0.3203259548666668,0.7589922727690226,0.6189140927665249,2.0546416606289504,2.5827188203501517,3.580620191062317,1.803780525297808,0.825497723,0.6390020793778307,0.5064224642066738,0.5848297972773905,null,null,null,null,null,null,Turning
205,G,0.2407990695699861,0.417234621,0.8729703551678422,0.5441459988090316,2.839627708258341,5.034387228597113,5.839296757015485,1.5138167689425897,0.4311722642569023,0.3712877181041977,0.3670888636597885,0.11291638512752006,null,null,null,null,null,null,Turning
206,B,0.27544070086973504,0.4470370446516015,1.0013003839087578,0.6952673057971679,1.423830025447049,2.6448988819512187,2.8733578860213984,0.9577773812696161,0.3989136372610936,0.28305153255779963,0.23859867926602987,0.1560450162335378,null,null,null,null,null,null,Turning
207,R,0.076521995,0.4272446376407636,0.7918546167405097,0.5420473707888759,2.041614017,3.2339006342622714,4.204438399695905,1.8100922726012791,0.6228375950242531,0.3813202914071905,0.5153375275441364,0.6243985463052362,null,null,null,null,null,null,Turning
208,G,0.25624053275024017,0.3195433690552197,0.9395349712122926,0.8437784472999107,2.2774601489139186,4.027054102775701,5.1474236711769565,1.303235184107147,0.33546990504392904,0.18149746258569616,0.30216600665810195,0.22115384586903597,null,null,null,null,null,null,Turning
209,B,0.20265544881644135,0.32451874894703603,1.1260215251142287,0.481689629,2.108749723752631,2.751318825608126,3.0007937502431705,1.0783289426861697,0.33122500697865187,0.077931165,0.12193129613345988,0.23515595595763195,null,null,null,null,null,null,Turning
210,R,0.23693084871605455,0.24486918284940143,0.8947717456264523,0.8247567119489919,2.527736760911936,2.9009200254880425,4.595259023566406,1.7453501966075329,0.4716320553152554,0.27434384832891623,0.31650625410413347,0.40306502868206234,null,null,null,null,null,null,Turning
211,G,0.096983173,0.3174822103332138,1.076896737064424,0.8304672068300811,3.1191539876377883,4.003242962548206,6.189395317656283,1.7244165323329754,0.3290572495315631,0.2010728537142754,0.15030760656127132,0.26364853972782576,null,null,null,null,null,null,Turning
212,B,0.3970478593152387,0.4657621536502983,1.0698476489337652,0.8119020547730925,1.9187611906897324,2.9167993084888715,3.394558631002018,1.1945615028397512,0.3622211998515747,0.12240745796184857,0.26870345573757165,0.3711435867501301,null,null,null,null,null,null,Turning
213,R,0.23766383248916498,0.24153871905714344,0.876187048,0.5486852071310697,2.3820223034496975,3.163192275281751,3.6269530508513954,1.5554946520613713,0.5419875929497658,0.4470489296411541,0.31325812551824384,0.4594477206642706,null,null,null,null,null,null,Turning
214,G,0.19488163899531483,0.31009567847438707,1.2405402145786966,0.5930296791467092,2.5179187593543166,4.616503502040541,4.971578197475337,1.6479911674547914,0.1960558467273935,0.1926190359441242,0,0.1357176372970663,null,null,null,null,null,null,Turning
215,B,0.3420068553013051,0.46767065606359953,1.0765141946705847,0.5672960437451188,1.4836857848165363,2.794018633656098,3.109287611787167,1.1383794438320458,0.3173074101191239,0.31018112211824084,0.16788699517960592,0.24106133459316953,null,null,null,null,null,null,Turning
216,R,0.16115129646685056,0.3191579921450737,0.8841312261519271,0.7244601394583912,2.1916618270460715,3.0223936739105213,3.8412052069041143,1.8289876670783367,0.6541374257920928,0.5389279210818132,0.45769071412472623,0.6862788930906629,null,null,null,null,null,null,Turning
217,G,0.23979367211510114,0.43368422054997324,1.1504669709426458,0.9102599284342963,2.514789081131265,3.406331847929948,4.717109581500531,1.444645728006386,0.4309380866619789,0.31435579622301546,0.31655574252209395,0.260854327,null,null,null,null,null,null,Turning
218,B,0.079958614,0.44140237573760577,0.9966805536336927,0.684871885,2.0317696746544014,2.2524888547995494,2.534191354329325,0.8417399370406875,0.3180569519485807,0.26626796283367044,0.23436250062411734,0.047576985,null,null,null,null,null,null,Turning
219,R,0.054120598650218954,0.4624522220639014,0.7562461302268674,0.5623605204776805,2.001040141924358,3.1838168455736238,4.111144509084783,1.9263397984343071,0.667560907,0.601750606,0.326332615,0.5285056218572456,null,null,null,null,null,null,Turning
220,G,0.20517344294523246,0.36911283677748213,1.0872322765168916,0.7331404938628292,2.716708163770231,3.5820180203829692,4.702544542095765,1.6290343247691117,0.2815669258264634,0.27653041846651344,0.22336051040377036,0.2335512262647899,null,null,null,null,null,null,Turning
221,B,0.20157877079103162,0.47381948412186514,1.0314296365376852,0.6180213560898496,1.412278791,3.0186811670167693,2.7015355642885224,0.8892923354406727,0.3317198451143904,0.12426801317192322,0.1661693714230176,0.2205773773067214,null,null,null,null,null,null,Turning
222,R,0.22775104436334656,0.2025101840409996,1.0233861711493126,0.4327102305980901,1.9924484707949146,3.447857785766582,3.096940719171139,1.5882662572346082,0.6370995899989934,0.37564632340854215,0.1888076059713027,0.34011638644536657,null,null,null,null,null,null,Turning
223,G,0.2482904930161748,0.37009760082552395,0.7546940435128173,0.8205156655752169,2.19511496,4.046332970462652,5.016505781562091,1.369024506136717,0.4569025110601792,0.1569395810353081,0.11824377336259624,0.046980296,null,null,null,null,null,null,Turning
224,B,0.2727859175480478,0.5305400807496704,1.3761929716880752,0.6009090168727188,1.764604711285161,2.0879764427882486,2.233521833079032,1.0735520840545052,0.33776402073186146,0.1745039832329395,0.2598578600058764,0.1232373047961417,null,null,null,null,null,null,Turning
225,R,0.15462730020666338,0.4718207058485945,1.0340644465965838,0.4679702240953328,2.305337851089837,3.209138709555878,4.268060722969204,1.8242605004291481,0.8597590134786512,0.7101169675252504,0.5247834640182424,0.41502779538518453,null,null,null,null,null,null,Turning
226,G,0.2674799541500005,0.6479189519788892,0.8786222952612126,0.9548147614748947,3.0260308681434367,4.604965671017465,5.603487179556608,1.6090846956639224,0.3408816556919487,0.30448631948128657,0.14123798545376498,0.13775920169156708,null,null,null,null,null,null,Turning
227,B,0.4391680773119164,0.20285882364943966,0.7731933105464239,0.5449950922210918,1.7508196015059163,2.8471441232351995,2.821844631239165,0.8375451627746886,0.3155290225056656,0.3150017378913039,0.3562270462820588,0.090843306,null,null,null,null,null,null,Turning
228,R,0.26210876958904655,0.5077449645880449,0.9362682643004374,0.7387676159522091,2.0906266421786643,3.535751930508816,4.1640791500626815,2.026180910220582,0.7362801232644776,0.550558555,0.5194195534681164,0.43563397191722514,null,null,null,null,null,null,Turning
229,G,0.2642813711756972,0.49179360050149706,1.0155982181867513,0.6448191569656354,2.577988122229937,3.6094592216361305,5.121700353816975,1.424571184507434,0.4172551808147198,0.39968625134639796,0.3090281307992793,0.2640034800006096,null,null,null,null,null,null,Turning
230,B,0.28711551506282523,0.5152533985994806,0.8964315883267006,0.6573667420011918,1.885399851896536,2.273795649900472,2.5678347852448584,1.2104880051386342,0.22581223901405192,0.2911305169165016,0.17718514303782207,0.083340514,null,null,null,null,null,null,Turning
231,R,0.19289215694192094,0.4543384122219215,1.0319669370072073,0.8625802899981311,2.096196855440273,3.194331307728693,3.783774653063922,1.8447045407520932,0.6608851750378938,0.5138306799580015,0.4723172343689663,0.4353731231695935,null,null,null,null,null,null,Turning
232,G,0.082130844,0.38307352789607674,0.8332858613212338,0.5286131584672925,2.0615352326034095,3.560034117702098,4.9163826300079805,1.602071911798351,0.35350145460818816,0.25645041998048407,0.21438184776358837,0.1958305785704002,null,null,null,null,null,null,Turning
233,B,0.3720200920271579,0.5250112665799561,1.378131591023109,0.7104627681534469,2.1724019115911513,3.2406167908953347,2.9578959925060064,1.3377141626186098,0.34375335217200853,0.2576433214774147,0.059483896,0.082813196,null,null,null,null,null,null,Turning
234,R,0.20169993621636664,0.354250075,0.7931015000240121,0.5363627081584778,1.9484043517152703,2.380439449999058,3.666168444790292,1.6417561689076627,0.48186089324846415,0.46270097725856546,0.4227637144409422,0.6574111954788217,null,null,null,null,null,null,Turning
235,G,0.26980713970327164,0.5021385363621431,1.0061852290797466,0.9273435317938076,3.430317671392665,4.531329629,5.378672777888642,1.763785764026296,0.42791322800044274,0.2794355901365602,0.3514825342227542,0.15043394118745615,null,null,null,null,null,null,Turning
236,B,0.25899430671153156,0.49578188834697323,1.1989291293161133,0.6907951889080353,2.0813064037898994,2.8032759143759107,3.0362734494364574,0.9548265971457844,0.4471200982304696,0.2536482788199581,0.090233808,0.18160978113110468,null,null,null,null,null,null,Turning
237,R,0.12683076902331467,0.2657318504203109,0.8954176292110072,0.6705998702266405,2.590019169855284,3.4497849973015855,4.393644523518611,1.432060002616279,0.6351607916708094,0.6110356987211901,0.5432578227844048,0.31683240549518077,null,null,null,null,null,null,Turning
238,G,0.2335250581632061,0.4220889534088681,1.1197514793964058,0.6992274438545942,2.830142172877975,4.739416098776764,6.3427431611832175,1.4755629376661274,0.412605173,0.25585098294303277,0.3644292148430888,0.2208782196856311,null,null,null,null,null,null,Turning
239,B,0.3439187866182396,0.6445151001051435,0.8594877317103385,0.8084043530208518,2.1880822660867985,2.7557099853776172,3.569855801126372,1.0402264252539501,0.24025973553396093,0.19524889529247783,0.17217489625088173,0.2506964098822275,null,null,null,null,null,null,Turning
240,R,0.26942292125365847,0.42055714853970266,0.6817776819791401,0.7199048153230602,2.2553467601480848,3.3336228719556193,4.508164455825196,1.5608177419166145,0.6918368689408844,0.38192016497692466,0.509874369,0.6777482226823385,null,null,null,null,null,null,Turning
241,G,0.1365304747558083,0.39122931309115583,0.9204389793142533,0.6913993703205719,2.7088136238276155,4.260529253731439,5.229873362103569,1.3281490470807624,0.42779674948989344,0.35296348169912395,0.21051274737050785,0.2663807988435359,null,null,null,null,null,null,Turning
242,B,0.5526881268789495,0.45123377405355136,1.060855833906096,0.6425266321700523,1.8214917553008796,3.0099783260317614,2.2866700620049945,0.8919739274653933,0.30839379343565804,0.21718888707377815,0.15839291314489376,0.11544810862360981,null,null,null,null,null,null,Turning
243,R,0.19512281536095177,0.2544383832750611,0.8955153517486669,0.36814976094408536,1.8248936399054336,3.517718008071259,3.7128990979654253,1.7823085927168092,0.8222042645511604,0.4549553087573591,0.5114197730509571,0.3507518221431463,null,null,null,null,null,null,Turning
244,G,0.15470566920576598,0.3730501349909245,1.143192997497377,0.7375505763921055,2.777050042382834,4.383083888796229,5.347598158724795,1.5515895320425641,0.24100535581675375,0.14273224805251614,0.27267828604152233,0.16234039612580647,null,null,null,null,null,null,Turning
245,B,0.20312305098546765,0.5910659468991805,1.0010851264707699,0.6931246707429621,1.9159451001822996,2.7596312002125347,2.3454636682573344,1.0872521414698857,0.12422472398751763,0.2845104495124042,0.2895213916300575,0.2156962535077943,null,null,null,null,null,null,Turning
246,R,0.156779129,0.19314057844266472,0.7966538599229351,0.44563555428845253,1.4883978544793357,2.632332660390288,3.512112079004429,1.7412932221400115,0.5244075674717422,0.3581574441056322,0.3970544636868791,0.48585006734610786,null,null,null,null,null,null,Turning
247,G,0.36630833415490344,0.39240262720562336,1.1417094719555043,0.8015162442101289,2.6001477471905488,4.921202890679156,5.557445595,1.538670569991062,0.540609244,0.40541410800307803,0.15659506532784562,0.29603244465331446,null,null,null,null,null,null,Turning
248,B,0.17214511886054115,0.4548182383836543,1.0795507617504978,0.5703627512059565,1.729794986182751,2.6712253426009216,2.2745636743661932,1.0811290310647974,0.21205325134148073,0.15311394385937557,0.22059744024906125,0.2177474325614022,null,null,null,null,null,null,Turning
249,R,0.2540286442840831,0.3581346943324138,0.9196987484932124,0.5686691336375509,1.8857955683304903,3.5524829326861607,4.135454492,2.1168407953086437,0.5912366917315445,0.522395417,0.30229715829510884,0.4862334969535689,null,null,null,null,null,null,Turning
250,G,0.20844237468519558,0.5356527503533803,1.0159932179231412,0.958934991,2.346615827714571,4.5922823190114395,5.074622084159717,1.6029088161624576,0.42857274798908507,0.3035079706104155,0.4904126812573618,0.178315082,null,null,null,null,null,null,Turning
251,B,0.3439333142178534,0.428325762,1.0453420875172132,0.6545195712413381,1.9409205229546669,3.0455186512846546,3.6887103618045396,0.9667481236372741,0.45079516546533305,0.17316533849904522,0.17056131444835423,0.061035351,null,null,null,null,null,null,Turning
252,R,0.2447559761753979,0.30566353192641116,1.0186655019669462,0.6048073173904353,1.9269584891729683,2.8833713792243723,3.6191258673787847,1.526107188663025,0.5389743688258228,0.5999586059861016,0.40172846684847247,0.3689344135180797,null,null,null,null,null,null,Turning
253,G,0.16307760247544864,0.36378169325752097,0.9153061301839017,0.5985655256116822,2.263857167138623,4.801280849026227,4.905434594725274,1.2733290653153657,0.250768276,0.16350003038527683,0.1636953043722924,0.23894489288788878,null,null,null,null,null,null,Turning
254,B,0.17733074257715573,0.4833020461295161,1.0157918911650194,0.5286922690336832,1.6156629833270106,2.266071939924502,2.787397807921363,0.7168188689943825,0.39035685001372905,0.16713409998341344,0.1088088354410752,0.2309295091018965,null,null,null,null,null,null,Turning
255,R,0.21063687313468818,0.27913649074316543,0.9084292893185948,0.8893198807968627,1.6247811140959323,3.5460538694794774,3.6648024957525718,1.7512752946413541,0.679804265,0.47726798596796427,0.4486992664900349,0.5363993385290153,null,null,null,null,null,null,Turning
256,G,0.23133133784273602,0.39607235096589144,0.9603323341181692,0.9579639527975664,2.666701259275086,4.079617706432128,5.678593841577507,1.760107619273453,0.5445608170869182,0.27573375110576936,0.15078973069160445,0.28154370713532234,null,null,null,null,null,null,Turning
257,B,0.33039506425302956,0.5473058549340734,1.1668643694194696,0.6353384501664737,1.8631974945037006,2.5208820950377833,3.481197946498931,0.9908616462557571,0.3789594553159626,0.23719972199508452,0.089448777,0.10852822938932755,null,null,null,null,null,null,Turning
258,R,0.047681586,0.12302245203782651,0.9123583078271036,0.7399813544131995,2.0588762022631233,3.2233196982336856,4.641771386038091,1.7924100776921092,0.5079536860866448,0.5753150394963316,0.5071113124727512,0.5317841969135545,null,null,null,null,null,null,Turning
259,G,0.27901201022375677,0.5286138913990768,0.9335416589559157,0.8941503649419269,2.5043151428297894,4.557536293824234,5.814671565089168,1.6792141705832644,0.6025966858450443,0.32363741175343613,0.18511266190554826,0.3099651747845212,null,null,null,null,null,null,Turning
260,B,0.23031330331351021,0.31961414408580235,0.9325525306333766,0.7273224492818529,1.945351164025507,2.3053553894237155,2.701552486540981,1.0615387149976685,0.3593687507053396,0.19914821015741388,0.21043178468854828,0.2735740698162616,null,null,null,null,null,null,Turning
261,R,0.13568268207523962,0.2756807522246518,0.8296069699764198,0.6143832964721914,1.8423357292426157,2.7265899481967186,4.374664503643521,1.705797014484377,0.598168874,0.47071983853229826,0.4133007806729441,0.43854029825380153,null,null,null,null,null,null,Turning
262,G,0.088750407,0.4490974110413588,0.9034115232552103,0.7155694146311882,2.661468073,4.207456976539363,5.040356211900907,1.0226806237859376,0.3422186843774464,0.308381017,0.360094632,0.2185091565782597,null,null,null,null,null,null,Turning
263,B,0.28552823978876485,0.5225672728744327,0.8863654917208675,0.36453961072391516,1.6546317200603453,2.7031729209565394,3.3178243388985242,0.950600083,0.3328414779255912,0.31348074727055397,0,0.2692983754484331,null,null,null,null,null,null,Turning
264,R,0.21225277953486338,0.4367883252345508,1.000409140063946,0.672515107,2.418559670602018,3.0915734093247957,4.866306969131859,1.8033711825231045,0.6509535669443979,0.540241922,0.721682883,0.31210019494726576,null,null,null,null,null,null,Turning
265,G,0.093356014,0.27293493810281866,0.9387634460752987,0.6133104749104433,3.2950003228237357,4.133312644968956,5.459933546477924,1.7499688545248722,0.41427764680829526,0.3946874642801816,0.2719803457287142,0.19022108646489777,null,null,null,null,null,null,Turning
266,B,0.23908309668872166,0.7494331578439551,1.1274395064520615,0.6649690584832395,2.3414340693724367,3.1139916878117826,3.3721708784420064,0.7504389095660646,0.39369604487299753,0.3161277695520959,0.23199910507831153,0.24367291138544078,null,null,null,null,null,null,Turning
267,R,0.21000903052991896,0.33449599544660547,0.8745039491835613,0.38045050306481903,1.8226613325059522,2.9515792867836774,3.4617815497215054,1.534335915,0.37004874133679316,0.41840722248142864,0.3532604955311228,0.408247496,null,null,null,null,null,null,Turning
268,G,0.3477020233486635,0.33275087918528884,1.209956541178451,0.8183430873557687,2.7344226943671495,4.679131039079728,5.526541737588716,1.7362816440498474,0.28644713345377903,0.2553187631543066,0.12469341521588798,0.2287074662267356,null,null,null,null,null,null,Turning
269,B,0.35806106493756396,0.48135851700981047,1.1349597369854485,0.7677606705644516,1.6470403845560784,3.189957265,2.333196065336894,0.9811037567916159,0.38387809271732115,0.33103531128719843,0.3280948384130006,0.093691311,null,null,null,null,null,null,Turning
270,R,0,0.24023710341673604,0.86992571,0.7074025397185636,2.239410435401131,3.4702930912517407,4.0910160544838385,1.7962681895036032,0.5003439636724978,0.35151501681148584,0.5334981843073281,0.36053733,null,null,null,null,null,null,Turning
271,G,0.14628444666499577,0.48759750335589397,1.0518343276622488,0.6876913497435866,2.5263231221198637,4.934372094564362,6.5115893459323155,1.7319399216135796,0.41026941540980355,0.35414565281823934,0.20713429034244044,0.2991193311364177,null,null,null,null,null,null,Turning
272,B,0.2645595083183836,0.5713913751753591,1.5103131374868801,0.6472786588613779,2.2648499025851354,3.172853401349522,3.242103565766133,1.395573236986415,0.4161124918516522,0.25799158290834323,0.276511133,0.14148402757405942,null,null,null,null,null,null,Turning
273,R,0.2351491066090712,0.3734760428781927,0.9304788947932262,0.43825125582225155,2.062577984,2.955526280770236,3.9554727861998167,1.532454708353515,0.46602788500036824,0.4862511336008891,0.4094662518631713,0.5138742844381835,null,null,null,null,null,null,Turning
274,G,0.21423663895481737,0.3955917803370363,0.9736603112976849,0.9286295407926463,2.330444983,4.353027089498625,5.402760915738122,1.8434605136885358,0.19507637508521716,0.14955136461843427,0.22578317507848072,0.3118732348343493,null,null,null,null,null,null,Turning
275,B,0.22388302,0.5124882923972164,1.2649541315098956,0.72212763,1.8608036112624387,2.5094739187092787,2.817853613360594,0.918672534,0.37610001407182586,0.23049745196535731,0.047184541105761715,0.18191209521272178,null,null,null,null,null,null,Turning
276,R,0.018644517938776424,0.5771016626525156,0.9741389567278179,0.8552740215695938,2.357054368051295,3.749506859307049,4.735070803589727,1.8259415916957937,0.824023847,0.4586022128046587,0.441229501,0.3844037390886297,null,null,null,null,null,null,Turning
277,G,0.049418077612394855,0.555474151,1.1633611742211865,0.9024707035615092,2.743511203352467,5.232180513398386,5.353310036116586,1.6989489250642735,0.6065346347068867,0.34010076482988366,0.24051593119300171,0.24434833594250485,null,null,null,null,null,null,Turning
278,B,0.17796618945177842,0.43646023238284354,1.1789488885487087,0.8012032500690187,2.0202610985061855,2.589617985465633,2.721609237981104,0.8348197860908616,0.22871638725764745,0.081408819,0.1525194219994116,0,null,null,null,null,null,null,Turning
279,R,0.12185643526310751,0.3494535763312501,0.8844475582296975,0.7332730743967054,2.182164265727941,3.219376805175078,4.010841344421859,1.5702950200892396,0.6336721758240861,0.47436857038678565,0.5942278520991844,0.5953038717836329,null,null,null,null,null,null,Turning
280,G,0.18014883172512308,0.4143719243505143,0.9367196660733007,0.7532208734850494,2.3675313094496073,4.793020013836238,4.811176784802511,1.6510507166472554,0.3871177390517037,0.22556713230539077,0.37757367086928767,0.151619273,null,null,null,null,null,null,Turning
281,B,0.22788251535413098,0.4581963639414892,0.7893235383603321,0.6134779536098801,1.378933165207773,1.9882105877330751,2.122776316466503,0.893880689,0.12592384564437495,0.33916830748143123,0.13441141649637153,0.15497473480916465,null,null,null,null,null,null,Turning
282,R,0.1684572526388251,0.2867826324796535,0.7903020868387414,0.6561068443083137,1.925156488566601,2.985095562685273,3.2839308627144947,1.8228962083336786,0.7255209986063064,0.6974171075099744,0.446233656,0.713161523,null,null,null,null,null,null,Turning
283,G,0.22773772592944838,0.551690788,1.1512346611811362,0.9659594217910535,3.0870042778717712,6.041582672012885,6.3562484214348975,2.0063912591266977,0.607331071,0.3670707675281783,0.008761014,0.1796052857702858,null,null,null,null,null,null,Turning
284,B,0.12562952289064747,0.46287672287502196,0.9586413934010126,0.5684641226674015,1.624304612012107,2.6343743765004377,2.3853039075547504,0.836109907,0.2772788021994748,0.4067531453663521,0.37425770804217723,0.3262125036732708,null,null,null,null,null,null,Turning
285,R,0.141367833,0.37473162489616724,0.5629641166516391,0.5900826162182219,1.4814204070274564,3.0144484984029436,3.050975103,1.3521025929350345,0.518899021,0.39215122225338195,0.357077117,0.49553304888378824,null,null,null,null,null,null,Turning
286,G,0.094842458,0.4276542026335991,0.9726244947981424,0.7050574913395422,2.3172742493858682,4.489358563465277,5.254219137778921,1.4888162482786171,0.3695569327824171,0.077108573,0.24915182098460983,0.2364865121821721,null,null,null,null,null,null,Turning
287,B,0.3317913518673684,0.34959211316005173,0.955014511,0.7303383175586272,1.939980434387514,2.9329517285605737,3.6173037457653616,1.0432035974222738,0.2723762701846242,0.1181853423443077,0.16157626829404212,0.274046321,null,null,null,null,null,null,Turning
288,R,0.144875997,0.4437791477157446,0.7831990711274472,0.574570364,2.2406088103896704,3.4471414832027376,3.7838056079621514,1.5751545341089903,0.4722877731419387,0.49596257595373094,0.4747267961069059,0.5925618222229583,null,null,null,null,null,null,Turning
289,G,0.2040331260140115,0.5910458615676484,1.0630138050927482,0.7490621048214537,3.066489685,5.411668255390554,5.642337035358871,1.8147116023670822,0.2504307660822095,0.23684243497197904,0.19727902306848705,0.2094040362488557,null,null,null,null,null,null,Turning
290,B,0.23135003218505887,0.5580982112093004,1.1396957130790217,0.7926890069261457,1.6184720694877666,2.9742625721001352,3.2131293993313297,1.1370132495130736,0.2729821130114528,0.1432853146156674,0.24513641181268495,0.2067455592769123,null,null,null,null,null,null,Turning
291,R,0.1673817186360054,0.4307021315979983,0.8733422044494105,0.8615071024320632,2.3435214490552116,3.668820942555742,3.9104569243810614,1.744236507056286,0.6395176309446428,0.4359306962429835,0.5892335286706587,0.4330956861989989,null,null,null,null,null,null,Turning
292,G,0.063501112,0.4215792767592755,0.8832948507497463,0.6536675249760471,2.1576967176355306,3.865543136011705,4.851461297314936,1.2398027464259957,0.3325741872831037,0.038590933,0.147681235,0.22078806800895726,null,null,null,null,null,null,Turning
293,B,0.12402612249281497,0.33556206061471006,0.9806830056926166,0.7586366079153747,1.5825629321434211,2.631789104757701,2.758049295438718,1.0973080541380809,0.26100900013084016,0.14809930679871694,0.24234354952872003,0.19458784548770025,null,null,null,null,null,null,Turning
294,R,0.12399992237298647,0.5966711929101042,0.9474179979133927,0.9698776110275933,2.3966947012108655,4.095661264521123,4.151745087450148,1.6686908302733927,0.7324793477045496,0.6294129191053718,0.500465597,0.38574582125360307,null,null,null,null,null,null,Turning
295,G,0.2433928729529151,0.2983151500125221,1.0708100341409015,0.5914844678210803,2.442951527260052,4.093783036177152,5.123675737347598,1.5418993625003632,0.3550006592171678,0.1240554365695153,0.18908149060580937,0.2699692149893244,null,null,null,null,null,null,Turning
296,B,0.1421709614970771,0.5940809236329215,1.236890327380526,0.7035938281109325,2.1081864136176467,2.966481804632159,3.468423254304228,1.2726010955519795,0.35334394567078703,0.10024169935829375,0.30760384562578924,0.14880561792926508,null,null,null,null,null,null,Turning
297,R,0.18304851166701538,0.38183172523125525,0.5828304163850064,0.7384226132759673,1.8070575544405567,3.4525881870502255,4.061627470247862,2.105225306871192,0.4197138739377814,0.5402626403108182,0.5235577557912738,0.5091065909318899,null,null,null,null,null,null,Turning
298,G,0.3799930318648322,0.5884251185770767,1.229193999,0.9625681306472547,2.9744793898725304,4.976722476032295,4.991460068685345,1.5641798902238733,0.4159653931731051,0.07781643,0.1886596284179305,0.2993069201027075,null,null,null,null,null,null,Turning
299,B,0.15244826898559533,0.36699438487370784,1.0091297610544563,0.673130566,1.7450650751983752,2.074006266337192,2.507375563,0.7555753457015588,0.229288292,0.2579526679174521,0.2595473153003798,0.28300851116350456,null,null,null,null,null,null,Turning
300,R,0.13101180947766625,0.3377162213468446,0.7942317712384953,0.512387565,2.157722017314757,3.812800011123308,3.6746194154203313,1.7209261753643834,0.6840152083846843,0.24070952111429222,0.4530881541999121,0.2695729518654081,null,null,null,null,null,null,Turning
301,G,0.10259293106819631,0.5494159686630428,0.8831229404438797,0.5847591835454015,2.8063651985780163,4.254454524387688,4.9301347922622725,1.59179252,0.43370809357285045,0.3380883239449374,0.32714252045843395,0.10877036195264868,null,null,null,null,null,null,Turning
302,B,0.3813396007547886,0.5399150603266811,0.9857153984840216,0.5473956103440849,1.751152779,2.3258083501873132,2.8246142758675505,1.1129124405701931,0.2909460010847139,0.30070477718297095,0.3030479080175616,0.1068396496579044,null,null,null,null,null,null,Turning
303,R,0.17894258289383047,0.35837504331548353,1.193333118752475,0.6745745327875234,2.169006217320643,3.0804046938854617,4.074749690134953,1.4700155092024823,0.7284772090368511,0.44260114334850803,0.5761688962779364,0.3808010886401644,null,null,null,null,null,null,Turning
304,G,0.18383748261307442,0.3945504822820695,0.8570966953524328,0.7539502246523074,2.5254096398344186,3.708889728,4.766380022677255,1.2550333848257242,0.34636735366776916,0.2365575339355929,0.16558604037353553,0.27933685611069436,null,null,null,null,null,null,Turning
305,B,0.4261587921770155,0.5148477991407778,1.2166528413958846,0.7235091705523239,1.8509987234899794,2.7768466206826417,2.5822173352918436,1.1673506129768954,0.35008795481063754,0.2217899657338043,0.30270875105148193,0.27307607299572617,null,null,null,null,null,null,Turning
306,R,0.086423968,0.6019078089484668,0.8039669123075592,0.7093094838201693,2.222750609964252,3.836171979272417,4.178762919965388,2.162842356443192,0.5420316928285877,0.7954113396738153,0.5222174938713563,0.2911133018757717,null,null,null,null,null,null,Turning
307,G,0.13633608560093663,0.20306487768877798,1.0774539718739258,0.996945544,2.9468213151060536,5.202184293906823,5.640376211552934,1.3906693686066585,0.37053765038392866,0.27376598492656845,0.15178503633121412,0.006179959,null,null,null,null,null,null,Turning
308,B,0.24781433269204106,0.48109871265749143,0.7893807679709569,0.6062717666182303,2.050512979727441,2.8785396543962833,2.5628917255581447,0.7055900918512746,0.2647715294633901,0.3277234444409405,0.18238894511846507,0.22231529669743622,null,null,null,null,null,null,Turning
309,R,0.2384380637128406,0.37003845592857454,0.6605565138632531,0.6237549299999263,1.9365042055302768,3.1008223853207753,3.571256773601772,1.6986505993627055,0.4052608510308382,0.5563529848077249,0.4949767550514017,0.42884681206458003,null,null,null,null,null,null,Turning
310,G,0.24888276579598081,0.49077996458497514,1.1843827283685182,0.9901007784903877,2.516711137066766,5.351050808755068,5.631581963552232,1.9544949969457994,0.33328776218556205,0.059861243551854425,0.32429669925508503,0.18305571445732663,null,null,null,null,null,null,Turning
311,B,0.2414277516088751,0.2576705852099499,1.0321376266161286,0.6177274954197166,1.8695230540349541,2.492196335660944,2.559325550883745,1.0305519434016641,0.35457029380962046,0.098764509,0.42260656510027933,0.301721429,null,null,null,null,null,null,Turning
312,R,0.19226350631428957,0.5007220913790592,0.8806150693584516,0.6273199043084264,2.6839036268607623,3.2480268399879466,4.786050900139261,1.6774904127662755,0.6756911821393361,0.547720403,0.5496309093283778,0.5177048053503033,null,null,null,null,null,null,Turning
313,G,0.16172023371480979,0.5190619669533089,1.0898598602885237,0.7420585234857813,3.336070041177373,5.048096337245632,5.467584434076147,1.5049091079710868,0.36984215000790144,0.39723893591961335,0.26828368248144197,0.20554739770164782,null,null,null,null,null,null,Turning
314,B,0.29420316028691207,0.6012729818265704,1.0838114741143516,0.8325659576202835,2.0781478354029983,2.193243765042561,2.893617307398308,0.9509926541244437,0.36863809035586853,0.2520438262500528,0.098397738,0.025534627598482986,null,null,null,null,null,null,Turning
315,R,0.1583225769451236,0.24070060705236912,1.0607276250824598,0.6995790794991308,2.2806459661010434,3.759824559928391,4.286351944,1.7889557633875974,0.43639787783882017,0.4064090028094448,0.4086191850356087,0.39566390804809276,null,null,null,null,null,null,Turning
316,G,0.092156154,0.2887511608644738,0.804445601,0.6263907317600644,2.7021076903401693,4.275332538860065,4.799431946747238,1.3623058325187671,0.3686208208972704,0.2892491874928548,0.2859633628138747,0.085213775,null,null,null,null,null,null,Turning
317,B,0.3433813959552269,0.4043882442051235,1.010742634699518,0.436029973,1.830369999133985,2.4753152613874936,2.497557162,1.106982972278438,0.28248742812319677,0.20843684473263144,0.1267537236538369,0.14807961689446894,null,null,null,null,null,null,Turning
318,R,0.072202607,0.4918688302979654,1.0103138315648956,0.6387709496416698,2.287860224906776,3.478589502624689,5.080266230649955,2.3097550466737493,0.5271677913042869,0.5636281122906676,0.3642643437744918,0.5245414239537944,null,null,null,null,null,null,Turning
319,G,0.21736825605617632,0.33775536346126334,1.0608353721562487,0.6486199300302233,2.392460110216349,4.061701040847972,4.718697549032792,1.7749197272917367,0.2858211949725388,0.2577660875430261,0.2267997031764792,0.30557258247052493,null,null,null,null,null,null,Turning
320,B,0.41026493481394405,0.5056273990476238,0.9309676366601701,0.6323069077880564,1.8054749023344707,2.3996506080450577,2.340725178156796,0.9156076188870872,0.2817153672318502,0.20956089361270433,0.0645768,0.1685188665489001,null,null,null,null,null,null,Turning
321,R,0.3204355736493485,0.3657205499104929,1.0580788507237275,0.7335996514440658,2.0691713777117644,3.458408474234899,3.872266133696568,1.7655377670435244,0.5715658825838289,0.6440818034971084,0.6939638665185379,0.36834335922129186,null,null,null,null,null,null,Turning
322,G,0.13132446457597727,0.371539802,0.7218813128006261,0.6042455634475146,2.1444317825079136,3.9633609696816676,4.3331266580608245,1.3617128064755477,0.21505342932539231,0.20463382164244698,0.12390138209631132,0.13444099433056508,null,null,null,null,null,null,Turning
323,B,0.28249775273024175,0.6151402806236869,1.2000089297190488,0.707055516,1.807456296534285,2.509963500266284,2.417081103477271,1.024435844732721,0.27350692346078126,0.22803327844479548,0.23069391793416896,0.085607059,null,null,null,null,null,null,Turning
324,R,0.17150942483411685,0.24042997257619977,0.6758421931761281,0.6764072409972783,1.609889821134517,2.796551790291844,3.2476004807915464,1.5705354327414391,0.4682890645680276,0.47085502237192634,0.5023447848209123,0.5617887556638977,null,null,null,null,null,null,Turning
325,G,0.32450356575351946,0.4072927875348686,0.9703224711228968,0.7029515702660192,2.599747387336942,3.798482569801999,5.284380594504992,2.0147011708362177,0.47239106196813396,0.2511697981717019,0.080815389,0.16615689307023518,null,null,null,null,null,null,Turning
326,B,0.3086015838649574,0.6280945719823249,1.1993115058243908,0.7146153479247712,1.6021422640185095,2.4474345273752918,2.603708327796365,0.9914074237842689,0.4550124146068071,0.2501695605704312,0.1863925083416715,0.2783796727458719,null,null,null,null,null,null,Turning
327,R,0.18856296168277673,0.2601477063800761,0.8579196822645202,0.6199432836210721,2.353063048147353,3.0740499727346875,3.7974289389880984,1.4947874793244058,0.5125629035629451,0.43752969529335195,0.5318626704241471,0.3836515221252905,null,null,null,null,null,null,Turning
328,G,0.3043052168190832,0.5122825634895511,0.9101684085309968,0.9078972579391724,2.489328366,5.652271381615685,6.928778578341993,1.8971517430864078,0.4340404011557072,0.2750472614823836,0.30374513619661364,0.11783949658318893,null,null,null,null,null,null,Turning
329,B,0.22259668686767825,0.47090932131915103,1.0342565001173596,0.5970053408206897,1.9447405630484123,2.7812365687728393,3.085083062787242,1.1019476746720334,0.13713036723495797,0.2210750430122777,0.20604550202174238,0.1793473379579165,null,null,null,null,null,null,Turning
330,R,0.2285130169560152,0.28744684961272104,0.8530255606675939,0.43991916502216233,1.895356371460218,1.7531723819836482,3.7134512349048068,1.7212905748863914,0.689983014,0.4845266042294729,0.40837572528372873,0.5470629993705933,null,null,null,null,null,null,Turning
331,G,0.2107043647989674,0.555449402,1.2604267522439632,1.0004372468582758,3.581711216709878,5.4746376454931545,6.027111657746917,1.4951298323461952,0.4536752663361729,0.37571676719671687,0.18966910251574232,0.23266144316276555,null,null,null,null,null,null,Turning
332,B,0.20192433617967076,0.5789662053048172,0.8465073867129378,0.7534490502648268,1.7289970302660271,1.8661006971294007,2.515436357352169,0.7276795,0.2997861426866217,0.029426269246185723,0.22325640549063902,0.2543165451834765,null,null,null,null,null,null,Turning
333,R,0.036212641945223834,0.30900188546370616,0.7674398894992451,0.7970637187684149,1.8381178157624574,2.2263583690974653,3.5036036418041383,1.2529868626608154,0.5757450316424083,0.532107631,0.3600465530763685,0.4617341796829444,null,null,null,null,null,null,Turning
334,G,0.30723668669484716,0.5882839477123908,1.1129581663996977,0.9310609929294652,3.1280225074941286,5.450566806060111,5.813980458418365,1.620985211910591,0.5844615958524327,0.32762180345166764,0.1665287494361591,0.12859146089566387,null,null,null,null,null,null,Turning
335,B,0.4780171002617071,0.5128739668808359,1.2748081418749682,0.7395220505920381,1.8504757129043468,2.7435925164216397,3.092610244626024,1.114004928001933,0.3922465702383064,0.23756265071678334,0.20758218614804108,0.2873347937602784,null,null,null,null,null,null,Turning
336,R,0.16523175035511292,0.31532854271958805,0.7914970026719171,0.6515640618798627,2.096587355,2.9252616211474676,3.426260202126139,1.3819724601635903,0.5045922468717094,0.40809629396221886,0.37515719714394125,0.4489437483581481,null,null,null,null,null,null,Turning
337,G,0.10322153260761792,0.4794539209239328,1.027675643335964,0.6429371238424232,2.468057532351172,3.7179227483610036,4.225723681,1.2185573919061188,0.4289440253815046,0.31729358110839845,0.13872223617743507,0.21403904163010265,null,null,null,null,null,null,Turning
338,B,0.2146688201217474,0.5810271529815169,1.1723213124755767,0.7187249876027938,2.0719820165690277,2.288249516015388,3.2098950262171697,1.1482979552831054,0.35236789486170456,0.2953281556942425,0.27704265275096684,0.16027821480001225,null,null,null,null,null,null,Turning
339,R,0.1911284324124296,0.3206126672532754,0.6717678518390261,0.690145603,2.4109709133895967,3.686771607,4.085559257367839,1.591167156458753,0.5238422132921143,0.5833606642657924,0.5922641658041373,0.41980347615247127,null,null,null,null,null,null,Turning
340,G,0.052299561,0.4633978583492557,0.9346039468645801,0.6283598799388082,2.4327671033161753,4.733442325039635,4.763746620285052,1.3879334430593622,0.29324691041339823,0.265044242,0.265570692,0.21468819753163185,null,null,null,null,null,null,Turning
341,B,0.4129762650846187,0.4758812518805236,1.0084154334881077,0.6567516791026238,1.7742354903941828,2.462664650892524,2.961677583,1.0018478094495533,0.22117634925872665,0.1605798626050459,0.1818302669963582,0.10469734363909682,null,null,null,null,null,null,Turning
342,R,0.25523960229939024,0.41684328658719233,1.0487362998679726,0.6354756357775306,2.3774989758437215,3.4955121467765715,4.436115191425494,1.7947386110630765,0.5994181801863815,0.5130396875191466,0.43464394666399014,0.49857667828971824,null,null,null,null,null,null,Turning
343,G,0.2638423274646204,0.3539663410653607,1.0433033681567316,0.7804725766058015,2.6494004155273374,4.915244792261703,5.283916723947295,1.855134599896181,0.5351036590776829,0.3356990664898676,0.38735463612335846,0.17444694100610358,null,null,null,null,null,null,Turning
344,B,0.29480601244708815,0.3918977240118232,1.1571639576106438,0.5307154284860197,2.020126318380927,3.2871036734133257,2.5537214430234374,1.029459287553401,0.3963516902569826,0.21955944577521247,0.2538620224950675,0.16076618991387207,null,null,null,null,null,null,Turning
345,R,0.17340509983932695,0.41803178684120684,0.7771264448719197,0.6394431329220842,2.0780284605520967,3.3288963385546584,4.171819426811017,1.6376039457836657,0.752567958,0.5038014722778644,0.38425075908833517,0.4038055016453084,null,null,null,null,null,null,Turning
346,G,0.13211293404352514,0.3779315327666882,0.9214371006489745,0.6163743509174207,2.5558099185868137,4.521399957211408,4.709726628878471,1.5510161418083241,0.28619830624517945,0.089193747,0.26328706338307994,0.162493001,null,null,null,null,null,null,Turning
347,B,0.2721756250246545,0.4769541688693387,1.1538092004011937,0.6669383999656596,1.8139400986789327,2.3194426125399015,2.5153670760657967,1.075438742245647,0.30101607440604117,0.17793665399396133,0.2635096389663603,0.3627503832972265,null,null,null,null,null,null,Turning
348,R,0.2370213540253109,0.3263287393712095,0.988606627,0.30270732081611645,1.8103474356405014,3.2726621810867464,3.9791661634784217,1.7508265945400323,0.48192478282010154,0.5099824796850158,0.7048158697472924,0.5662268957134463,null,null,null,null,null,null,Turning
349,G,0.4045284380935605,0.7141797401353293,1.1192821818980148,0.8655754510878372,2.795137026630948,5.035751642,5.172376013008974,1.7697039542003286,0.40726732647824093,0.41623984384978846,0.2838953574707318,0.247004599,null,null,null,null,null,null,Turning
350,B,0.15153816903047637,0.4278008156224086,1.0664557494393028,0.710654876,1.7644270084527394,2.1314061767819314,2.4479421266335204,0.7792685035215583,0.24380810490946775,0.25316272474780493,0.14552728136277598,0.1853648528049553,null,null,null,null,null,null,Turning
351,R,0.2096483766728316,0.3038040695295313,0.8136496847827216,0.49075292250439445,1.7721132070335281,2.940982692658493,2.8719236620719064,1.5708531441238867,0.6178310966427765,0.44753037828295833,0.49530508274389623,0.3982555780022826,null,null,null,null,null,null,Turning
352,G,0.34731182471709016,0.45918806956052227,0.9398533785343237,0.7517307543623053,2.7394733375377602,4.663157976521048,4.935820811338212,1.6797838423332512,0.32769866034171374,0.2866408489294637,0.12418985714531952,0.3742365971506221,null,null,null,null,null,null,Turning
353,B,0.256161408,0.515756545,1.0544765939254632,0.5565662915951636,1.912634863741642,2.6865923672979695,3.267441277722129,0.8059305019025086,0.3910636986524156,0.446696246,0.23891084221345565,0.13269382582628453,null,null,null,null,null,null,Turning
354,R,0.17872459899061355,0.28411137903319694,1.0856652208439288,0.5927510531237614,1.7274992754122689,3.2076030316373267,3.8442537133023515,1.5741340142152105,0.5452947529411857,0.400614782,0.5012275502224502,0.5042730558065467,null,null,null,null,null,null,Turning
355,G,0.27269336710121844,0.5290858010145192,1.0135307211624975,0.8621515578114355,2.6408875060291277,3.9928392587521464,5.650834868656492,1.4540452155945354,0.4127985262215372,0.2654180932484361,0.2567878635080263,0.22808446052159057,null,null,null,null,null,null,Turning
356,B,0.2239992905630371,0.3812317351723471,0.982468807,0.7638324051681494,1.823582753574734,2.606961905,3.1843103911342534,1.0602392449805145,0.3186093323146228,0.17404676681080264,0.080694212,0.21040329521955378,null,null,null,null,null,null,Turning
357,R,0.14704100818216864,0.32374281119766457,1.0273226398150768,0.6666942939792393,2.9289153670610806,3.8039202976365325,4.247985235472385,1.450967766351293,0.5184262134145955,0.5921786402202792,0.7647947867736102,0.4237763262908469,null,null,null,null,null,null,Turning
358,G,0.1953774150512037,0.4512810444943501,0.9534027919729301,0.7140353302202627,2.433197045410216,4.899749259491829,6.503125300620801,1.6916778051304973,0.3865292508419009,0.30320577447103403,0.360432055,0.1333395886492279,null,null,null,null,null,null,Turning
359,B,0.209952743,0.3197543355600451,1.028646547074665,0.5415603620501963,1.8931636111614583,2.7177033979462863,2.331403632699563,1.0416745715755042,0.2628427493034525,0.097535078,0.3372054664901801,0.096832331,null,null,null,null,null,null,Turning
360,R,0.2365987573221407,0.59290781,0.6353153153483067,0.6038556777139267,2.3771715241551377,3.0219069869636455,3.9898756779334015,1.7216901628356767,0.47964385053620395,0.3140876970564549,0.5819209282872574,0.4973178195758376,null,null,null,null,null,null,Turning
361,G,0.3484991253824134,0.21363904592765642,1.520496993076401,1.0505680444246401,3.431771954022724,4.966408077463163,6.407696008794595,2.8598929578368213,0.33795400065033043,0.4557267101502053,0.2514124377372088,0.19038254969487423,null,null,null,null,null,null,Turning
362,B,0.4417690049767417,0.3501382885514436,0.9480714052384389,0.6591743859326346,1.910201871586772,2.8536924720076495,2.5034798906410396,0.9105687506503621,0.4088816554443957,0.1464446998936377,0.1436490399080266,0.25602488526862627,null,null,null,null,null,null,Turning
363,R,0.08192846,0.2693686629606669,0.7343189018374492,0.5805341564080078,2.001787769752459,3.0151681694283363,4.005976918834246,1.6221704240528925,0.5846429498757966,0.4977912370103657,0.49469715317657414,0.5093130507814646,null,null,null,null,null,null,Turning
364,G,0.28494679343338786,0.4990191350368539,1.1962451877120266,0.9631140102431327,2.9854045545728045,5.273880401249468,6.5688391563034205,1.3246044837515816,0.30370045340081997,0.21936857345369534,0.2378982237705528,0.1534155960194898,null,null,null,null,null,null,Turning
365,B,0.2821089185231888,0.696432114,1.1162975087007208,0.8799566913981238,1.974585888942567,2.8478133090519306,2.9999241617297807,1.1079174748147032,0.29170632560643645,0.33014091772300574,0.004283126,0.2391168530726307,null,null,null,null,null,null,Turning
366,R,0.063208063,0.3435335685701094,0.7953738952335276,0.8184519186371192,2.2446350896067635,3.0570133460696485,3.509235030763097,1.5677414838196049,0.6778438701399003,0.4271370361505526,0.523682899,0.6894981821595303,null,null,null,null,null,null,Turning
367,G,0.44568347776493894,0.23750109590171306,0.89304899,0.73305934,2.2232348400491677,4.037696480805751,5.053348673825598,1.5083051496009598,0.3791331596453983,0.26994575996619913,0.3336689992561428,0.16653616140933902,null,null,null,null,null,null,Turning
368,B,0.2714816297596048,0.47599116040649336,1.1079437395948981,0.5818644755964173,2.2020606622034866,2.6532621968086003,3.2686815812824954,1.3606707959845128,0.23663539615463672,0.329872548,0.15463558032907357,0.23774298148254286,null,null,null,null,null,null,Turning
369,R,0.16547197955679924,0.23628958711331463,0.6743809714457162,0.3992047980511387,2.0124155953117993,3.351328866598154,3.3582792078353787,1.679425404805709,0.5413885041175145,0.34630613989498454,0.44503564495442577,0.22763143021222842,null,null,null,null,null,null,Turning
370,G,0.17313902114447477,0.4410956191400205,0.9090670764357351,0.9376054196703459,2.6747986536052606,5.015886664247312,5.268575570227706,1.5650005612995554,0.4805244328733923,0.20168257112572346,0.2448058524969739,0.083880514,null,null,null,null,null,null,Turning
371,B,0.41118737474452743,0.6997125390021501,1.372928334306402,0.699087951,2.2080989277511867,2.8267732541520414,3.542352538445551,0.8071841028031295,0.26354241895431635,0.27223131823999147,0.18642902805782297,0.2338797583998739,null,null,null,null,null,null,Turning
372,R,0.14218262218118416,0.22030228906923863,1.1250627892436034,0.6189744114091321,2.0744951708954487,3.217850745064369,4.319637640065641,2.0624171178267505,0.6844450222366915,0.6675102177829424,0.7169344990272702,0.44569857853272626,null,null,null,null,null,null,Turning
373,G,0.097399598,0.5905384735851175,0.9215863804873136,0.6772906725082721,3.043912814990645,5.458683421908937,5.457249743722795,1.8995871704891758,0.25482096424038087,0.16168766211561827,0.3015367676115021,0.2707662061434326,null,null,null,null,null,null,Turning
374,B,0.24857122918003297,0.5440115724627179,1.2728371466910213,0.6206306870393934,2.085767214796783,2.1949170451101496,2.8312814050075104,0.8255860549047954,0.3476885316454801,0.27164876635874263,0.19755663471415705,0.11635638486343693,null,null,null,null,null,null,Turning
375,R,0.2225161549052819,0.24611547194391964,0.8083956590902143,0.6663700072784393,1.955628168391269,2.7745704122063595,3.6301588541427594,1.7768484748847153,0.5185989312601693,0.2861199608406067,0.21857289668980884,0.4718221926626648,null,null,null,null,null,null,Turning
376,G,0.23516908473319226,0.46960529098515796,0.8898455664248147,0.6770854756304661,2.194591691886477,3.205703546029589,5.281348898504121,1.406007498469669,0.33993309597574384,0.2051973804391294,0.24943988991756633,0.11405309462858458,null,null,null,null,null,null,Turning
377,B,0.23847695208001066,0.3976662682623047,0.9612448820533959,0.5691413237910558,1.9036748865347624,2.508259850527015,2.713571776671438,0.9613725535386157,0.2262564363292705,0.4201706899846191,0.12192520961821655,0.16407899480711016,null,null,null,null,null,null,Turning
378,R,0.2960942891594172,0.29823557923885313,0.8274912296228423,0.46294757775160694,1.9857760884362627,2.806017193834788,3.312505131274371,1.5995838432660499,0.6112669141729588,0.5066170083390455,0.6044999109472524,0.39997845323407083,null,null,null,null,null,null,Turning
379,G,0.23040585216721735,0.3788385802788342,1.1002899048256263,0.8283948788395944,3.4463066303433347,4.486957260451351,5.698921742835039,1.610925224583602,0.4746146569585753,0.1882212765774734,0.14502446002209765,0.3327649490023895,null,null,null,null,null,null,Turning
380,B,0.2462964926396469,0.5078810468161976,0.942446178,0.5963708587371609,1.6575113900103124,3.001705469841561,2.842752034494467,1.2802409831381463,0.4142570810561064,0.067120876,0.087869053,0.022744427,null,null,null,null,null,null,Turning
381,R,0.14719643270998964,0.33609075239464664,0.8080154975420326,0.6768779948055191,1.903407430414986,3.309803669442537,3.6904629055763323,1.2897335046574487,0.6392035941788148,0.19217271174956402,0.3288480497325763,0.6056635684998039,null,null,null,null,null,null,Turning
382,G,0.23448970963644694,0.3973671103955908,1.3818379272241348,0.7482292103201407,2.586190948789288,4.2744820318293595,5.252651933918311,1.4473033438932743,0.35965569986269924,0.13097471264886046,0.24227425066155517,0.3003784377493404,null,null,null,null,null,null,Turning
383,B,0.32633960041216253,0.5210616513069838,1.1395716685031108,0.8472430369179274,1.8927807056002484,2.9476698334506066,3.6607048062079643,1.002139518258065,0.48865513487011886,0.21371800759779086,0.047543819,0.29466754829899905,null,null,null,null,null,null,Turning
384,R,0.18641562367161343,0.49709660154334306,0.9158602714510099,0.530714541,1.9405359824774082,3.337738643,3.8037029311723454,2.0894553084006584,0.7331652534672368,0.33468640948153533,0.5242514313167665,0.6340730733108864,null,null,null,null,null,null,Turning
385,G,0.30529015727289976,0.3702841638812534,1.0706138355172852,0.6990430450548206,2.430828853976415,4.636639023453008,5.247414141198143,1.4735825510329659,0.3476180000055233,0.3369664420616579,0.3068126839311724,0.079208652,null,null,null,null,null,null,Turning
386,B,0.1792373681098654,0.45339417100616025,1.0583503522150894,0.42830751575289555,1.723168009687451,2.5162769842429693,2.9632765784706647,1.0019824632163665,0.12204459778423507,0.3443934928872524,0.18215500926986708,0.0971241,null,null,null,null,null,null,Turning
387,R,0.2158064517939723,0.3493475573176801,0.9957408193767481,0.9213954600338106,2.407151640262165,2.907086441,3.3632669768111985,1.5329374367973787,0.6245606906885843,0.4097081981195778,0.3690751815419461,0.5665830452680765,null,null,null,null,null,null,Turning
388,G,0.3006249806940418,0.21937329401541075,0.9709764676599032,0.9336489236569978,2.7728097831873657,4.77174704,4.895058678396834,1.6987216645045595,0.4535588785554704,0.3240384942602898,0.20943853633736131,0.2217103682387339,null,null,null,null,null,null,Turning
389,B,0.18582306388931444,0.7550495174511992,1.3086307922837368,0.7089011202036014,2.1382210100578627,2.896044461781645,3.0521271739431195,1.0553977968896553,0.3115871609168821,0.16923953312240103,0.38804784678125875,0.066147045,null,null,null,null,null,null,Turning
390,R,0.39631183318195434,0.3090871718041909,0.713448138,0.8790983115352233,2.2077819447727283,3.416286475,5.105195692769486,2.3264586721235916,0.7125486297467385,0.6439555381010525,0.6105697800392571,0.5170328853123494,null,null,null,null,null,null,Turning
391,G,0.16524141071512097,0.32982567976465704,1.3089155227672986,0.7753468624850393,2.612744364684651,4.652787231466899,5.782339131276726,1.5428346007605238,0.40571273697271365,0.30434222261071164,0.5461079853399378,0.23104479224168223,null,null,null,null,null,null,Turning
392,B,0.27415423599500005,0.40183454260159635,0.7922336546303689,0.47706546455022003,1.8527458269259336,2.3001036937971677,2.580348418,1.0542538421228163,0.16760536521415195,0.29334225983124806,0.06347432,0.36295068485798143,null,null,null,null,null,null,Turning
393,R,0.16763870064506378,0.38912417916379266,1.131147040650834,0.8562392961971366,1.9347875763933062,3.3968727966572687,4.603581983040868,2.0293164842396365,0.5214883247711575,0.7029326857330528,0.6970470240343811,0.4491180273430899,null,null,null,null,null,null,Turning
394,G,0.30162127622678436,0.3000724364239594,1.2160448007503961,0.7882284242424845,3.3497611983397126,4.714068121430958,5.082167677558105,1.6026609672158632,0.2498582981010351,0.17170313108370855,0.099159115,0.16929102172153582,null,null,null,null,null,null,Turning
395,B,0.33273240509178825,0.5336420912296812,1.0277997911858976,0.6103073535575003,1.729980586542609,2.9545212764474185,2.8288908207523824,1.1404927108307685,0.33544145,0.2743118591443425,0.12351162475081577,0.20300631832743427,null,null,null,null,null,null,Turning
396,R,0.12300295074273164,0.425720388,0.8273303285675987,0.6398169677184239,2.445840046406106,3.3117832177718234,3.8132754424848594,1.7890545671951408,0.7657548620719579,0.352085197,0.5224312101142287,0.46722409287608263,null,null,null,null,null,null,Turning
397,G,0.077986733,0.5478371461525281,0.9950399480466101,0.7332084960126378,3.1802062217002445,4.521876529757998,6.496854107531083,1.516166956399747,0.42698055813894037,0.248235614,0.010295798152988601,0.22344553227090472,null,null,null,null,null,null,Turning
398,B,0.24580862618362292,0.671981672,1.1396715138618851,0.5888243421426076,1.860986458739295,2.535859472916904,2.5725142173044246,1.0254526233821435,0.3755760272074875,0.48824667216096185,0.31010769884809286,0.26143518415731903,null,null,null,null,null,null,Turning
399,R,0.079546599,0.407192108,0.8969683410829654,0.7506085060346195,2.189434646581905,3.469492986271212,3.892417187,1.6853182770592823,0.6324831173823261,0.30401691980320183,0.5274169415256743,0.5105259932989319,null,null,null,null,null,null,Turning
400,G,0.15409412485287088,0.3354036058229083,0.9897373374726763,0.7636480570280558,2.5795599466888515,4.396267858540753,5.637728819831137,1.7079727068638768,0.40138222420696806,0.10867361487491285,0.3472607421880557,0.19948881371044605,null,null,null,null,null,null,Turning
401,R,0.3070150228111059,0.553805626,0.9558550702437748,0.7941247861039225,2.4217848078119038,4.523867728456475,4.0373668645300995,1.8814486613341477,0.7207572704267574,0.7963170684426593,0.51937779,0.6095644434049925,null,null,null,null,null,null,Unhealthy
402,G,0.17344405690543474,0.44331230005338274,0.9856482848962076,0.6744289626790483,2.7279008041015564,4.564485448716662,5.115306248421891,1.637970719668274,0.3554164755631445,0.2521168392577047,0.2637820754435448,0.1005860390141821,null,null,null,null,null,null,Unhealthy
403,B,0.3365520959618817,0.594654416,1.2470004071142364,0.7326702982699729,2.137739374849324,3.0848054820178814,2.4297671545285504,1.184980095119835,0.2393222464407915,0.20176538772001554,0.0990772,0.2343019282161616,null,null,null,null,null,null,Unhealthy
404,R,0.34021152613306926,0.3299842186536367,0.8214757210581127,0.8097352080672591,2.6256283531502547,4.048992670776951,3.917118477,2.0343262357373812,0.8390166761830266,0.5804530714426729,0.6113753563448009,0.23445869923138554,null,null,null,null,null,null,Unhealthy
405,G,0.36718183747997085,0.6827509711600793,1.1923527103902907,0.9445980390049857,3.3810880807555717,5.616798817953429,6.682083717166589,2.199551601508968,0.47489302958319035,0.5056938450266799,0.2966730222316963,0.2123653726320276,null,null,null,null,null,null,Unhealthy
406,B,0.4010140613187826,0.6392730104330139,1.2022385324478975,1.0171749101112058,1.8722183186694275,2.722135394173871,2.906175774890365,1.0794496323213993,0.3811380894306311,0.10278218760609002,0.18218340030827423,0.2050720174243013,null,null,null,null,null,null,Unhealthy
407,R,0.082912805,0.2669546972142409,0.638351751,0.7652326748234856,1.9593642078293398,3.1081377169323274,3.8000547860071006,1.603143656994195,0.44912860482364186,0.510952868,0.3103180603428643,0.46920490647747315,null,null,null,null,null,null,Unhealthy
408,G,0.18499047806980268,0.401064218,0.9542617256060777,0.9315357104126624,3.1793018520204908,4.666197388295434,5.435253195670941,1.8950957405008388,0.4254827372530692,0.19688431237337287,0.248864246,0.170197844,null,null,null,null,null,null,Unhealthy
409,B,0.5193284471134059,0.4320414764362623,1.2011937782191247,0.7718361905313342,2.050133803035142,2.3592287905492673,3.423373847005679,1.0181001179094382,0.29655934564424974,0.20436159747639507,0.1844033787897021,0.2638878580905589,null,null,null,null,null,null,Unhealthy
410,R,0.25090233594331224,0.6299902251697312,1.1134133980579635,0.8181802211175299,2.264811122557673,3.1461442463645537,4.108782323985825,1.836720301,0.7131815163860553,0.36873407708396577,0.39168650369032293,0.3006406225836328,null,null,null,null,null,null,Unhealthy
411,G,0.20490296316402867,0.5131415183483978,1.1106342314602595,0.8067173334188174,3.070229365687886,4.5717503521877205,5.272802348189049,1.773891393541899,0.3376925934440193,0.31948528454780223,0.22920388565225813,0.30588204405933606,null,null,null,null,null,null,Unhealthy
412,B,0.47644907911294426,0.6895406325342768,1.133335943866092,1.1576396888429477,2.5179858712209184,3.3096678206548296,2.752712806447742,1.22537989,0.3784667404646934,0.23334972533261858,0.14536410785006498,0.17720321159876193,null,null,null,null,null,null,Unhealthy
413,R,0.2659456316843113,0.48545179965936547,1.0569517007139557,0.6734245845523219,2.539385436494464,3.3970519906058882,4.3168046011606105,1.9629365083671526,0.6382497109758891,0.560672804,0.3282158031232361,0.3207650945292969,null,null,null,null,null,null,Unhealthy
414,G,0.28322132782471826,0.5822573563972065,1.3844152359369348,1.074240853583427,3.1992299596540126,5.006157175696307,5.353710646123258,1.894431711306388,0.44636751544509085,0.17794407505914303,0.1277225059085317,0.2705678259961629,null,null,null,null,null,null,Unhealthy
415,B,0.42390220502470255,0.5337376144096352,1.281407729638372,0.8991157855868239,2.367626664,2.334552485589243,2.6680739623687226,1.3014637356519092,0.5773428738982355,0.3237428363380757,0.18336833283924298,0.036685951,null,null,null,null,null,null,Unhealthy
416,R,0.3439005242737023,0.47540455482670757,1.1062375282118802,0.8703834181052328,2.960359135712379,4.1681421424919565,5.408553406480091,2.8082391286026085,0.8093580135800292,0.46888682688257277,0.5401719164163041,0.3995601900765776,null,null,null,null,null,null,Unhealthy
417,G,0.18801865725003206,0.5062461007729969,1.1131698938083852,1.0076760195006433,3.039628380826788,4.925647557084982,4.925459365235599,1.6839224032531273,0.2237268541233699,0.301161741,0.4114562178390726,0.13272860507652218,null,null,null,null,null,null,Unhealthy
418,B,0.5213981766978276,0.6028970304804225,1.0972207748902583,0.551080905,2.106781063664698,2.575437325,2.8227496557034306,1.0937304619028527,0.36665073295404865,0.23774391069702464,0.2542828842292459,0.23285367368776025,null,null,null,null,null,null,Unhealthy
419,R,0.2973612607900556,0.5709676394052678,1.0033580215143205,0.6333692940280479,2.1128928127024804,3.6864263689713694,3.5311743080736955,2.1074145625029144,0.6622887913950614,0.33409497032831786,0.3549944335678207,0.4015860385067726,null,null,null,null,null,null,Unhealthy
420,G,0.2830980033889703,0.7369207370055795,1.1551649159674138,1.1050183569660146,2.926721089304922,4.731705570219856,7.863052376437222,1.9871427278623737,0.4819435886316476,0.2146158598490966,0.057839609,0.19099895322452806,null,null,null,null,null,null,Unhealthy
421,B,0.31052630643937795,0.7684815763667227,1.3384000554950102,0.9336950280688325,2.530244214642038,2.6470286386128072,3.171590675750015,1.5454093942643081,0.5158126732123345,0.23616227504307136,0.13059816605085026,0.14542226562619348,null,null,null,null,null,null,Unhealthy
422,R,0.35032766828206197,0.3707459492331237,1.041998698072854,0.9882796481165166,2.9169996494487593,3.1192186182857604,4.0481637212180885,1.9936211137135094,0.7897908625124929,0.3346622645244498,0.5035289077691141,0.515739011,null,null,null,null,null,null,Unhealthy
423,G,0.24224500416122804,0.7192810312287069,1.5849351017261433,1.0142502226041448,3.0114735029944817,5.355034163520058,6.487342951724505,1.9630912719099187,0.6305782832162683,0.076096937,0.36945337396410854,0.2598729028127999,null,null,null,null,null,null,Unhealthy
424,B,0.36053781549295827,0.5355342415547619,1.2839363771498304,0.8854125076360723,1.8911708379094438,2.301683176770192,2.4003425854080804,1.006579445950232,0.30627726845446757,0.22497622924205737,0.12049576641761744,0.08283718,null,null,null,null,null,null,Unhealthy
425,R,0.10978061170856235,0.6261653393516526,1.1165493718091075,0.7134919831305063,2.387088447919946,3.512151660777589,4.472980093,2.0933144853808865,0.4324542603906003,0.4879554673113388,0.38358510292447967,0.36891796234060037,null,null,null,null,null,null,Unhealthy
426,G,0.3897635898888542,0.6423239395224526,1.3963029704831116,0.852131675,3.245802938771199,6.279761284727403,5.375545503038611,2.0895583324781333,0.5090029552213264,0.33865249978434736,0.29830618518365143,0.2804341490128269,null,null,null,null,null,null,Unhealthy
427,B,0.5947231966763202,0.7699886420793658,1.1713365488032301,0.8838739517094533,2.476711416685021,3.1155482351578674,2.9505559842929467,0.8815670488197589,0.36606986587815776,0.3635899927814164,0.05524483,0.14522994578353673,null,null,null,null,null,null,Unhealthy
428,R,0.1745523781632358,0.48328861105713994,0.9101565091417184,0.7515241800107044,2.6814298300436796,4.547506895376321,5.473191917809163,2.054156179156538,0.8610308807610149,0.6038913326260796,0.3723117123016096,0.5849362495784658,null,null,null,null,null,null,Unhealthy
429,G,0.23028712779168373,0.7763960592442891,1.1928443048188326,1.1517661657978011,3.387653772,6.323864599690419,5.189029474054173,1.6811100011234321,0.32194347551753016,0.20636199645239783,0.33618875276877347,0.075817748,null,null,null,null,null,null,Unhealthy
430,B,0.35343624444808847,0.6247831959055985,0.7829176378115371,0.8804518423373278,1.906523449563636,2.599574298013246,2.682340893406634,1.1021771393304964,0.4156988766083977,0.2070518080856969,0.3861985245545656,0.156356356,null,null,null,null,null,null,Unhealthy
431,R,0.2254490856221774,0.5460029260459545,0.7452323952710888,0.8424179890281648,2.3032830852490016,3.4560617988284545,4.253338808796877,1.8491997436501606,0.48891602173833754,0.5801881665464939,0.574403122,0.6138138175704524,null,null,null,null,null,null,Unhealthy
432,G,0.19280813977539774,0.5652793483004241,0.8826402798100665,1.0329292413848115,2.889684286888284,4.570126802359634,5.161781709100505,1.7894841782954236,0.2809019126623878,0.3658515104950823,0.14040633929720642,0.3780748221388888,null,null,null,null,null,null,Unhealthy
433,B,0.3111646919801092,0.626140113,1.116653050397102,0.9382080223186258,2.282456847362829,2.3164456603743346,3.067031981712247,0.9263875307368363,0.3411731887872414,0.2616596017459525,0.166003787,0.18009071832125537,null,null,null,null,null,null,Unhealthy
434,R,0.041554794892049746,0.8684730342151249,1.1100307716569522,1.0301036674177897,2.512885239851847,3.3746678348347863,4.699191558289736,1.7181190791068575,0.6531314224323607,0.5765603880395327,0.6103593163468823,0.4601089644222036,null,null,null,null,null,null,Unhealthy
435,G,0.20274340180285663,0.660151223,1.1325730973118546,0.9807241309018889,2.9687918850604875,5.485090536766834,6.324906827041376,1.7932370226264365,0.41775440484370185,0.21534640711066239,0.31147932083702834,0.13650838922051461,null,null,null,null,null,null,Unhealthy
436,B,0.26133129105228514,0.5085423747343022,1.0554216444474003,0.7223253629198506,2.245074442155521,2.322224679472072,3.1915572361477498,0.9628456516871187,0.2502163605002777,0.14806059317756046,0.23762332397851477,0.047695851,null,null,null,null,null,null,Unhealthy
437,R,0.27704011537999457,0.5218522493521575,0.9862760459514062,0.7984526013465919,2.6990346759680346,3.744914611176739,4.779392513137688,2.404247105959498,0.6392348487672208,0.6423167239237193,0.6450039891252721,0.4708158715964166,null,null,null,null,null,null,Unhealthy
438,G,0.30960969381743686,0.5634639510301782,1.0920276368119346,0.8643241503301597,3.410262979642412,5.353853920611716,6.148696524589955,2.3637654362955303,0.3841747266588746,0.23348150285578698,0.22053099040190186,0.1693666753458663,null,null,null,null,null,null,Unhealthy
439,B,0.32706205896945634,0.7341767933386769,1.2794279470409733,0.7628834754595749,2.143736899467634,2.5480544778194036,2.969256254058685,1.1260654167849868,0.3931454968178884,0.24627606784411943,0.18365929447690982,0.20178266170565437,null,null,null,null,null,null,Unhealthy
440,R,0.2642699777254466,0.4471413328184766,1.026603059989727,0.7953756547882722,2.2944601437416416,3.1563526433607025,4.478382754815352,1.5023746998345036,0.48151783060544895,0.3994661798404176,0.4501038867479458,0.3886885429836894,null,null,null,null,null,null,Unhealthy
441,G,0.4183581840631781,0.5987742388892866,1.2624324815952308,1.0959591628812133,2.9949249240475457,5.051738160990394,6.142906179268029,1.7574467036234689,0.3738908656834163,0.32176540076195154,0.31911009749686914,0.2813591441540471,null,null,null,null,null,null,Unhealthy
442,B,0.24669306324483575,0.659527625,1.042174022719302,0.8081000066804646,2.2811978429713955,2.6742088711820924,3.241615317525915,1.3157344680301837,0.36221549389146274,0.20519431852673384,0.17850280030473453,0.2364008637214402,null,null,null,null,null,null,Unhealthy
443,R,0.2423380125251804,0.620618798,0.6708111784754835,0.8168988274916578,2.223380545179305,3.1528003950453063,3.7462242825599983,1.7244532773767933,0.3818097742101378,0.36155682613029616,0.36794404628794236,0.45232289509510376,null,null,null,null,null,null,Unhealthy
444,G,0.20733285544187502,0.47746987478623876,0.9781247569058906,0.5508293579327327,2.5376134765722966,4.4008809229969845,5.338534849678435,1.5431462548154407,0.31646987868735055,0.1527016600792459,0.2093765358698882,0.20107827770793688,null,null,null,null,null,null,Unhealthy
445,B,0.406570305,0.4480393057556692,1.0660984979729093,0.6702180138460316,1.4982345570370212,2.2082328499214863,2.8754551701667923,1.1070423794200732,0.2393456208476148,0.086198679,0.28316487757521747,0.060915413,null,null,null,null,null,null,Unhealthy
446,R,0.23147558203411783,0.5278190534349738,0.786620017,0.9898807842159913,2.190101477379399,3.4100912858321775,3.681880055558672,2.171589847462164,0.6764947273635851,0.6191504475540103,0.5001506064040262,0.5693670564245307,null,null,null,null,null,null,Unhealthy
447,G,0.183030592,0.4766248470545047,1.0934025478042013,0.9763391039224393,2.984693327685795,4.637405548151807,5.137526799960466,1.7252284463367542,0.36809581051814394,0.18635754769385016,0.2660626563323754,0.1014021610190455,null,null,null,null,null,null,Unhealthy
448,B,0.23740126349718535,0.8392102063194286,1.3903178142814234,0.955922974,2.140934513770157,3.434128153695086,3.8823670674180906,1.3172263226940248,0.3656448004616666,0.44385932294264513,0.19247774951894067,0.1292231002620207,null,null,null,null,null,null,Unhealthy
449,R,0.098978382,0.6621753864484482,0.7945807926672275,0.8602548059485003,2.7246125977302054,3.8138815449493104,4.205631846714635,1.8272584885210996,0.6924038760559313,0.49408763418140683,0.26735934074858797,0.4840290944528701,null,null,null,null,null,null,Unhealthy
450,G,0.4396747237833878,0.7056533362308914,1.1834562283894805,1.036262936205601,4.0943547335902934,6.293503854866537,7.241781597972076,2.265888296720078,0.5836011339934626,0.530262396,0.10465763514364002,0.15595369364806794,null,null,null,null,null,null,Unhealthy
451,B,0.3846938218683339,0.7418418079991201,1.224808241397377,0.9889384701537357,2.1772567124776763,2.6237651015935732,3.1441542261023216,1.1645783474506197,0.3732025740859289,0.15677184205562306,0.31712219922038937,0.21960667821847407,null,null,null,null,null,null,Unhealthy
452,R,0.1538949751868347,0.33628813764120874,0.8777667165925681,0.9831926398721382,2.6494763557633902,3.5948114846966384,4.064629570987453,1.6036019724800552,0.6145411148326599,0.4049321349459378,0.44362266729110644,0.4147033219594958,null,null,null,null,null,null,Unhealthy
453,G,0,0.8144025264650401,1.3283720474266925,0.922498238,3.178949264676517,5.009150001394098,5.581662796875851,1.7993324672652353,0.4318914732980015,0.4580723572427348,0.13924279286498947,0.32438042665834477,null,null,null,null,null,null,Unhealthy
454,B,0.47152836340023996,0.7186265104283273,0.8932249935793529,0.5785608900394228,2.3074111300773468,2.7583338616404482,2.8742962112092814,1.0356722007169834,0.4215530976987414,0.4598760458056524,0.18558992610189826,0.1527877977810129,null,null,null,null,null,null,Unhealthy
455,R,0.3656120726150059,0.5880294921834428,0.9326334990636718,0.9196633642771108,2.6615380512478266,4.288843143169004,4.620675465325606,2.358398202127521,0.8544570661763242,0.6759756757144391,0.29818813535531435,0.4181557742866712,null,null,null,null,null,null,Unhealthy
456,G,0.29960842144518607,0.733616216,1.167951291489249,1.036650424216018,2.780292891553718,5.164559270919771,6.2416260912359265,2.0005595026275658,0.28866602034839467,0.38933648618886985,0.42013986633265005,0.13836716449404837,null,null,null,null,null,null,Unhealthy
457,B,0.29604704280060556,0.7316613781785049,1.3626377350186758,0.769502297,2.0095147867704317,2.876140574343953,3.300369947358233,1.0652484177087236,0.36896250476824166,0.32337155045329075,0.22507195066306665,0.15691618947379882,null,null,null,null,null,null,Unhealthy
458,R,0.3640217453526412,0.6944624637215322,0.9455049565260598,0.825132913,2.880232343918216,3.9027445984075615,4.591861311647551,2.1545819773974233,0.6515042960248387,0.5976928890554537,0.39654891918317675,0.4480417129236878,null,null,null,null,null,null,Unhealthy
459,G,0.30591678319655197,0.6670374564813949,1.2079350862264193,0.9027979528410602,3.3799184052144438,5.320735070082531,5.9334852586009506,1.5926531772254384,0.3650069246854283,0.2646657971837112,0.270797736,0.063081082,null,null,null,null,null,null,Unhealthy
460,B,0.16864097957152036,0.5645224072210844,1.218387132859889,0.715815561,2.3365500385446816,2.858608883912064,3.438235263105521,1.2878100226589335,0.31338917410397527,0.2835375259940013,0.1168023388646399,0.2121807927303054,null,null,null,null,null,null,Unhealthy
461,R,0.2107962786588282,0.5494140665232005,0.9318146027585937,0.640226398,2.2115647824161857,3.646650757963889,4.525615588585932,2.1016753062313067,0.6519600342312285,0.5153448664015671,0.4634589375145024,0.4442135769456604,null,null,null,null,null,null,Unhealthy
462,G,0.4741112757529166,0.43938898569870394,1.416556630577972,1.0355060893114811,3.508237836,5.713757783714607,7.805208856788186,2.1109236290345588,0.6893201533423715,0.39343939652673793,0.24253730498326218,0.18769156430734016,null,null,null,null,null,null,Unhealthy
463,B,0.2956196388367917,0.5855421720269935,1.1400412388630232,0.5768444238988952,2.0600505079448994,2.5789999305968845,2.7011463529392956,0.6974195103872375,0.3488521936357013,0.27064147019513446,0.30565287743841874,0.026731339369491867,null,null,null,null,null,null,Unhealthy
464,R,0.3621658436069896,0.4340119441506825,0.7973894786624133,0.9206018606314585,2.5917423371984727,4.063851015409899,3.7129171347777854,1.8877043189563805,0.8552014886262767,0.6694443865699465,0.5208467768450049,0.5904040911973506,null,null,null,null,null,null,Unhealthy
465,G,0.32091296025625426,0.6002258789837168,1.1769307960366624,1.1086460663438633,3.1814398891228257,4.898894765644084,5.426270585243044,1.6003228022610723,0.6352848556647976,0.20923934116674114,0.4906438392134612,0.3219453633249139,null,null,null,null,null,null,Unhealthy
466,B,0.4722545061945014,0.760959953,1.3994482018929602,0.7339027628149803,2.3804509017957196,3.163601097732242,3.3331438714941646,1.2743968208781784,0.39834895047714414,0.39139867635738923,0.2149903237320383,0.18552756833572395,null,null,null,null,null,null,Unhealthy
467,R,0.261810583,0.47437307864714773,0.6901555919746433,0.5781428817332214,2.5183097576727023,3.490458595986302,3.6973843516463663,1.8785667182933128,0.5996666992769264,0.415675332,0.46778744676839545,0.4109422064974467,null,null,null,null,null,null,Unhealthy
468,G,0.15887164169597393,0.2954005145242684,1.0865301121519235,0.7804320341993506,2.961483826438026,4.352457147736068,4.705907363755524,1.390431442548048,0.33139467009783674,0.4045595736155672,0.10479803191345305,0,null,null,null,null,null,null,Unhealthy
469,B,0.31526311759284686,0.7040526251101054,1.0621027716294327,1.054418546628118,2.233928101698422,2.5452911253336157,3.0228930106809004,1.234705655,0.38120047495637704,0.25811583246809194,0.17878469153988782,0.043630333196046305,null,null,null,null,null,null,Unhealthy
470,R,0.203908764,0.4006322090268232,0.6627886465886217,0.5465830965449995,1.9469848648242434,2.684348759141601,3.6515565842337354,1.6276604792767106,0.7423769579825855,0.48938064846153895,0.3730533212630152,0.31332176810581147,null,null,null,null,null,null,Unhealthy
471,G,0.2623954305472799,0.4930807164826894,1.159127493568608,1.0030929644267825,3.334813479983299,4.736776207779921,5.770854345,2.143921381381505,0.5240780301488123,0.3227549746189481,0.19931689068967584,0.3344768206612285,null,null,null,null,null,null,Unhealthy
472,B,0.28190654219728867,0.7619649154136618,1.2378862754976079,0.8826522921680269,2.1817001085939287,2.777302684431139,3.2327545101270583,1.0343356680575804,0.3901192352552798,0.3220043829840883,0.25186555411207057,0.23754643626958596,null,null,null,null,null,null,Unhealthy
473,R,0.24784275945302872,0.6356589398799294,0.7532329318127986,0.6849404019590878,2.078491024575519,2.7978901129569116,3.1619180696013482,1.800695474302046,0.8056486134219589,0.5777806661793181,0.40524247314087497,0.31777520898169587,null,null,null,null,null,null,Unhealthy
474,G,0.3965045162864254,0.5140490395884546,1.2229207553854413,0.9219276919471902,3.1698256486044856,3.947388405379696,4.751809083531741,1.4581098635604774,0.19965519193525963,0.29370912293439405,0.2121793100726156,0.24400044102230042,null,null,null,null,null,null,Unhealthy
475,B,0.5813530619464272,0.8682973627412447,1.2064804967247378,0.9093470219542164,2.136550587067048,3.416716640437807,3.2699603088280047,1.425797276004221,0.3726858950037055,0.20353535284928917,0.28667907583492186,0.1605999969287984,null,null,null,null,null,null,Unhealthy
476,R,0.014541367207691936,0.6379956821868629,0.9918892336684848,0.7182327160417541,2.9252978099865405,3.550837505353601,5.115138127659315,2.4559839729390327,0.7852062538614708,0.6136198037946741,0.3046743415105881,0.7113843150843907,null,null,null,null,null,null,Unhealthy
477,G,0.40253488020292433,0.6693234479981771,1.2717492765773175,0.8920433232804014,3.152042949902501,6.647741851151005,7.003860753359259,1.903163521,0.5127318976128804,0.3734479907758161,0.2602387766178552,0.33247367,null,null,null,null,null,null,Unhealthy
478,B,0.393781636,0.5781549738515204,1.0769460967372162,0.6947297480379032,2.960999963847181,3.1639631093469114,3.055953101205131,1.1622563731361832,0.38523239810480825,0.296678984,0.2847077947943094,0.16042711152283015,null,null,null,null,null,null,Unhealthy
479,R,0.098414182,0.37953945793566235,0.7413298834424527,0.633895826,2.094147973114246,3.5019454686307467,3.7719614234513346,1.4809620284223386,0.5045660302603561,0.4019247426410452,0.5641433566381232,0.41808796168814166,null,null,null,null,null,null,Unhealthy
480,G,0.1910785708345076,0.45286396871129353,1.264679371018302,0.7994015361650256,3.187596802832856,4.896518770349091,6.367343184452089,1.8009924255118848,0.54427585,0.3563415154572828,0.4647161832578267,0.24244001395432288,null,null,null,null,null,null,Unhealthy
481,B,0.3362429114996789,0.8468511126804437,1.2048740905896227,0.5989757945552255,2.3546183714098565,3.255738673756167,2.861160474485679,1.160108277,0.387441767,0.2203172671859906,0.1321600714861845,0.19204917697383908,null,null,null,null,null,null,Unhealthy
482,R,0.09685013,0.647736957,0.7710617140108357,0.7545206924977488,2.676608424773749,3.651370478200248,4.234245001,1.8866454461572537,0.676163589,0.5249936704098151,0.5995081671309977,0.18331238753798323,null,null,null,null,null,null,Unhealthy
483,G,0.3336924794780583,0.6581866095241392,1.0871293703858074,1.2062333115145216,3.2212674209552774,5.041329093172651,5.075510553856429,1.558406548036717,0.47931140948083634,0.28844539926117413,0.17715088944436716,0.10909328767184172,null,null,null,null,null,null,Unhealthy
484,B,0.4346216882979416,0.6904953417527304,1.2397478958793116,0.656858721,2.295691950586493,2.943241721390215,2.887671817527239,0.9496725044844221,0.37803186953929563,0.12615890663512286,0.3246440620217343,0.156459889,null,null,null,null,null,null,Unhealthy
485,R,0.2143208180780934,0.3011357494624657,1.0618759403468778,0.7402165548239258,2.0338543070885193,2.9586922280219223,3.7011698096554007,1.9626296878646736,0.7334902400735663,0.34454670367186324,0.4507385108201176,0.5918836506563823,null,null,null,null,null,null,Unhealthy
486,G,0.33229697,0.5066622245388908,0.9559188824699478,0.8466879180255846,2.420998126450686,4.332508729382884,4.651574353968888,1.482787128277088,0.3039433462600103,0.31928531473216554,0.13401907083074685,0.2629165678674428,null,null,null,null,null,null,Unhealthy
487,B,0.33068351871872365,0.5948380885200246,0.9299548999858528,0.734738531,1.879237576629108,2.1297278731766283,3.1623230148803696,1.3882330690054336,0.35563773252569825,0.035334504,0.17986004903423697,0,null,null,null,null,null,null,Unhealthy
488,R,0.4913071373578577,0.5408019808713233,1.0860798467932349,0.7485698283635542,2.028133610416038,3.1965206727149815,4.119692969045362,2.0780043319966137,0.780304897,0.5865204194357909,0.4998676846380571,0.29380355579922324,null,null,null,null,null,null,Unhealthy
489,G,0.297909368,0.6597596659236945,1.1941843746320238,0.7852609635585105,3.2723169061479638,5.041440494,4.702162398274037,1.8368763349434303,0.19454906349593334,0.20261099485174736,0.17579574270196083,0.2456927440437315,null,null,null,null,null,null,Unhealthy
490,B,0.25775926887544093,0.8039019615485938,0.9642515019240788,0.7650117204144202,2.1372927240815858,2.8618505769596045,2.792460664278749,1.2206122573246796,0.3303782725256864,0.28479860850420863,0.13037291246092028,0.15187234727869287,null,null,null,null,null,null,Unhealthy
491,R,0.19124081019072364,0.5328303976497507,1.1366812984644004,0.9010154648322551,2.307861384837408,3.8117145597745457,5.1828304190588455,1.926376749026686,0.6657089417415042,0.6395600275762848,0.6874083109537193,0.3948446479929316,null,null,null,null,null,null,Unhealthy
492,G,0.33839414810186846,0.42930724350579064,0.9802988668912972,0.8344053425881889,2.9258446373200964,4.165554043364479,5.822870116688102,1.974769432,0.30921807368372217,0.26504407162089183,0.1402811461678153,0.2226364310723094,null,null,null,null,null,null,Unhealthy
493,B,0.41017898937264313,0.6498573950088988,1.1116291761462194,0.6249232022318958,2.0282109190634467,2.615390273,2.0655229883972885,0.8718449180714127,0.3246423901563952,0.18556174499143885,0.2614922741041523,0.082023322,null,null,null,null,null,null,Unhealthy
494,R,0,0.5145282321405908,1.046606712768857,0.8058671537136891,2.519249648487518,4.211880074934241,4.246647693575606,1.8789187124234379,0.8850456615321166,0.5936005955362249,0.502442587,0.5136578489751704,null,null,null,null,null,null,Unhealthy
495,G,0.29550321485999814,0.4773659847383576,1.1467747347034478,0.9926384056293065,2.788895823665609,4.927132294986775,5.975386221625229,1.5861566421427902,0.329876893,0.2455508112780657,0.17509780883749543,0.14368183976659746,null,null,null,null,null,null,Unhealthy
496,B,0.30539644557511925,0.8196617068577746,1.0804942913772246,0.9825978260912754,2.0598340271097704,2.900238256455499,3.4007240456403234,1.0550405073097133,0.368673074,0.28424644149373446,0.2048620827372799,0.093075384,null,null,null,null,null,null,Unhealthy
497,R,0.13495104670039043,0.5378554040644984,1.214496554287616,0.8375485954595189,2.360508555120308,4.188128810196231,4.1532494058525655,1.7873041692499816,0.7902230086550665,0.6201509181065415,0.557593079,0.42175936015274906,null,null,null,null,null,null,Unhealthy
498,G,0.2524030841065899,0.5386242907658554,1.1216307564233987,0.6712223701680773,2.736475174849737,4.444967064076458,4.912399699078219,1.4931948845119274,0.44523439852677316,0.068506618,0.2446861142642731,0.28725743974733814,null,null,null,null,null,null,Unhealthy
499,B,0.5156397920403694,0.7955306702177765,1.3207701365206004,0.735639769,2.7039506675784284,3.1104552349595136,3.427730144,1.3738594321842124,0.36217937810486767,0.24061658427661786,0.16514045287818802,0.019914057,null,null,null,null,null,null,Unhealthy
500,R,0.076358279,0.44868471215176803,0.7788833391830733,0.7457769168283794,1.9812638065680344,2.8697016727984694,3.781547869365601,1.9030623589766176,0.568458475,0.40852092110347954,0.3001869812180644,0.5427315212272932,null,null,null,null,null,null,Unhealthy
501,G,0.173150134,0.4395872366843375,1.075254377669929,0.8888561612050782,2.711581139447173,4.405737156820797,5.066789492443709,1.7076780522958637,0.6143715274993616,0.2538529246579422,0.18434079156876884,0.19408282246315692,null,null,null,null,null,null,Unhealthy
502,B,0.35847142116830466,0.6123390400869994,1.2919421208768287,0.9795734227657441,2.1677769824053867,2.4480931020715975,2.870054931973494,1.1751264111689947,0.3506020842597152,0.13948685037095743,0.15911681430669952,0.018846290087235266,null,null,null,null,null,null,Unhealthy
503,R,0.2588122790900784,0.8139494484454174,1.071437374526522,0.7241339103136094,2.0619082982076162,2.689908129,2.8258802939692735,1.8027847650046014,0.5624059757130451,0.47026714684956905,0.5193732210430518,0.4455280434527766,null,null,null,null,null,null,Unhealthy
504,G,0.3394915578955924,0.5343505943557965,1.2778768977191133,0.7793464062828294,2.9684846228152773,4.740353194148694,5.863743440577122,2.0148233702617344,0.4797312053564022,0.340835709,0.074854735,0.21450498790461098,null,null,null,null,null,null,Unhealthy
505,B,0.375115834,0.645235315,1.088064320249045,0.7467054774335606,2.0375135466064056,2.3369384520730576,2.930486559436276,1.0809489041000766,0.34410015375929176,0.4599959223799074,0.2167695019628558,0,null,null,null,null,null,null,Unhealthy
506,R,0.261777789,0.48453798930721076,0.8974214373408114,0.6387234091487822,2.4633365773017704,3.884663493744492,4.3346871660111645,1.7446941938909608,0.5945738259864362,0.34066153743170013,0.6166557011932405,0.6140444771800677,null,null,null,null,null,null,Unhealthy
507,G,0.2036594047862849,0.5007355491746316,1.1811500087471958,1.2462170642981731,3.159363132556458,5.574033642902565,7.457796812354745,2.0648790986047265,0.5549240280511512,0.2946980678674653,0.23339582939930206,0.26127928563272823,null,null,null,null,null,null,Unhealthy
508,B,0.4961394063003713,0.6270048345091398,1.3515918152227862,0.9426342510781732,2.278968912794473,2.8105069287935214,2.6730319646925302,1.0251158012240602,0.3330380647706985,0.2573939839687768,0.2906463953279319,0.27878228076910666,null,null,null,null,null,null,Unhealthy
509,R,0.3357493029018756,0.5542753885550246,1.228644058504334,0.8115332019244575,2.147815593395542,4.038163872,4.347766862591996,2.0641868296143264,0.771068736,0.46560805569253483,0.43870141401266854,0.27047899658536195,null,null,null,null,null,null,Unhealthy
510,G,0.3807473164504698,0.46395222895533517,1.3113566318923513,0.9940942739199765,3.7510726722172048,5.461251817380593,6.379619541613973,1.7849403161363935,0.3868248988129853,0.25838135565156944,0.3839008911761098,0.26244944958116284,null,null,null,null,null,null,Unhealthy
511,B,0.3171006055894604,0.7555758201832456,0.958580547,0.7557594058564139,1.8055252521325864,3.0236034314050877,2.4214837140223437,1.0890587205990918,0.3727331870386449,0.29384232711576835,0.089166587,0.22821953761835276,null,null,null,null,null,null,Unhealthy
512,R,0.2228056260791051,0.20519270853399163,0.9284040217869748,0.8297623219166727,1.8266760805674231,3.0396383294504794,3.279634176833678,1.8844486156559175,0.7966681022091978,0.7300330892321854,0.46675548955457447,0.40696001900325224,null,null,null,null,null,null,Unhealthy
513,G,0.3283435096408111,0.5623491092358441,1.0471766580059516,0.9610974099794009,3.253261122727415,4.326442915,5.33170606,1.5417706148000285,0.4764070606176288,0.23104730136307167,0.21216055582493906,0.1511420172790134,null,null,null,null,null,null,Unhealthy
514,B,0.4257994650139566,0.9000195536756288,1.2590043563159268,0.7968715186398644,2.311993990212429,2.627448520847552,3.513207195404578,1.235304681123133,0.2523235242813478,0.26235709357599596,0.30061555097695125,0.037163554,null,null,null,null,null,null,Unhealthy
515,R,0.22337604341338288,0.577701103,0.7909244082415284,0.7480797655326151,1.9403104548781471,3.0004767931120586,3.9487260457777134,1.7686709053734258,0.6096705232885021,0.4676164507359065,0.3200545792874298,0.4778502424981103,null,null,null,null,null,null,Unhealthy
516,G,0.23083547415402936,0.4828868992164499,1.0675792154028092,0.777905568,2.781774553314644,4.755919975318936,4.905165392088416,1.6173954087965474,0.25370223486313015,0.17204984600990567,0.3096348829538784,0.26005050988773515,null,null,null,null,null,null,Unhealthy
517,B,0.2556439447407963,0.41174274137244193,1.1695661118717626,0.8805255283193593,2.1134484833690483,2.9212083304275067,3.118242686424095,1.0003163809656515,0.1661262164129977,0.2724981266094601,0.2692052329394709,0.20164953043693867,null,null,null,null,null,null,Unhealthy
518,R,0.2515722762637218,0.3889917267819264,0.7248754934052921,0.7688470797284327,2.115185781538321,2.6868446233970777,2.9768238801069633,1.6570529509776855,0.3597414341788371,0.4158614179751916,0.30005354947766977,0.3848320382024527,null,null,null,null,null,null,Unhealthy
519,G,0.3150582422531107,0.6273472508262918,1.4014438580102277,0.8407162876057028,3.194308585733774,5.294719057276216,6.895586448,1.4655753427773497,0.512147229,0.18151344673872832,0.14756562624430114,0.14741516636666016,null,null,null,null,null,null,Unhealthy
520,B,0.2816888453678546,0.7273120342950432,1.230024117252382,0.8702949293498795,2.337064454,2.147184316707667,2.8885617781780653,1.0265736508914651,0.33360067680234906,0.2899397462109523,0.14520027231371646,0.15559120774768195,null,null,null,null,null,null,Unhealthy
521,R,0.2604436752562642,0.6016186858671208,1.0043890298703289,0.7807542039050133,2.7645551617921837,3.1800051761524966,4.076784349043214,2.093989640536147,0.7694049890075361,0.3705007062083141,0.44331361826725824,0.648703934,null,null,null,null,null,null,Unhealthy
522,G,0.23782591232785205,0.5841352002503827,1.2983260167623698,0.9584585224222324,3.0365157874812327,4.749325032389302,5.532495075130824,1.740889592779818,0.26621224782810476,0.36748586254748866,0.1812351016577745,0.2538500489387367,null,null,null,null,null,null,Unhealthy
523,B,0.2959639054954126,0.7343107329751886,1.1044114054453344,0.7998228862955606,2.426996722741151,2.9505697732783247,2.6226994890439057,1.2284294944139382,0.27556087496306275,0.39346992000806663,0.18314929,0.3006468881789974,null,null,null,null,null,null,Unhealthy
524,R,0.32496145895369327,0.4106351003445875,0.9125334062224522,0.8767126723072161,2.628771842433054,3.9047479189474603,4.586724867703392,1.9948625734032994,0.3934249268326662,0.4457687298476639,0.44737008731569006,0.22761368201268914,null,null,null,null,null,null,Unhealthy
525,G,0.3471511713781475,0.5226871573044128,1.155181715984778,0.7658344610931302,3.1231403458573284,5.298873668357848,6.198627389904187,2.4295692750587996,0.4360647644750391,0.3856634120630072,0.29672820674475303,0.2201218952770392,null,null,null,null,null,null,Unhealthy
526,B,0.4301922322897503,0.8111232763960115,0.9578354687892957,0.6320727902113892,2.1303064689591076,2.3395555247036857,3.0834168054016002,1.1924106952581035,0.39201748975713524,0.27054161343685346,0.2687901448164326,0.3172754909792412,null,null,null,null,null,null,Unhealthy
527,R,0.45930322092022197,0.36385898268445965,1.2450275717504016,1.0919361139073585,3.0810927102890484,4.011132749431497,4.750350108641755,2.2248707374296877,0.86551899,0.5479131485849974,0.6927817288139244,0.41467220970028296,null,null,null,null,null,null,Unhealthy
528,G,0.160297582,0.5071642819447595,0.5853037754414806,0.6992760799029065,2.316005891718502,3.709784854,4.220132012064179,1.4491703294928588,0.3886415830117922,0.3227768821831295,0,0.26345624714548416,null,null,null,null,null,null,Unhealthy
529,B,0.3665483150522811,0.6026155297628845,1.3662049145966866,0.8139779260366419,2.4162619801018934,2.5752470692820744,3.2971327610815844,1.1913381820184767,0.3376142717497898,0.11126767930035204,0.2983042399880498,0.2659467342637653,null,null,null,null,null,null,Unhealthy
530,R,0.20523683113347357,0.572904515,0.8628410190545096,0.6469834033445915,2.2713169587998134,3.4475425749562367,4.325868610943806,2.1770932687503906,0.6489018145119567,0.3720423982867382,0.49375052744527936,0.5398194991331546,null,null,null,null,null,null,Unhealthy
531,G,0.27488730949043116,0.43880782772531507,1.072906656899663,0.9497929326082075,2.7818928794454125,5.23654202,5.397124905893709,1.9325012617428428,0.39380602580091745,0.17468611190380187,0.3414764931292972,0.17610327360641942,null,null,null,null,null,null,Unhealthy
532,B,0.2905058808194131,0.6277612439088401,0.9996881340058986,0.8177481042400196,1.9215496400135408,2.603516566259482,2.8233783135286417,0.6988404488361809,0.36947633462580487,0.34263028062496836,0.2614755681771927,0.14793973409509678,null,null,null,null,null,null,Unhealthy
533,R,0.28702572436668183,0.3928136557574156,1.1164266288125155,0.7935666519963448,2.149930135390024,3.7776258003129266,4.376234970384454,1.6674513004344456,0.681451722,0.5515385843005964,0.38336422541408743,0.39873875826177385,null,null,null,null,null,null,Unhealthy
534,G,0.35750271936103195,0.5713704109108042,0.8926036374640753,0.9019164725478502,2.8475376457116277,4.242683295096794,5.489827207887666,1.538132339917846,0.3894008595820862,0.3689779499899824,0.15479766553700547,0.23498768539248108,null,null,null,null,null,null,Unhealthy
535,B,0.5030233870174795,0.5087607565273745,1.2010764294470802,0.9430983773502967,2.150567077767993,3.708077887839797,3.6963994906065762,1.1274960512776135,0.4246944812790162,0.17779954500290737,0.1840628174875062,0.10093981001851995,null,null,null,null,null,null,Unhealthy
536,R,0.17559089116158572,0.5375804346725258,0.8790796628140869,0.882196646,1.7731612806248942,2.970515631,3.781764966143543,1.7008068380259957,0.4699451873015903,0.3806477612878038,0.4270674409094045,0.3223725382612491,null,null,null,null,null,null,Unhealthy
537,G,0.33887436847830826,0.5556580331171875,1.275833692724085,0.9869128922349982,3.3198531025388505,6.124358813800736,6.180542872768843,1.9696675124604848,0.2861598649031645,0.18809747017640294,0.16785834335448738,0.292607131,null,null,null,null,null,null,Unhealthy
538,B,0.37253764044317306,0.6283550458534278,1.433492457989693,0.9420482453171786,2.313130513771381,3.608706291123274,3.1656259969848732,1.2829874785558462,0.4537965291742879,0.31101219621576637,0.2272015700954585,0.2929254437393339,null,null,null,null,null,null,Unhealthy
539,R,0.16960754821691387,0.7444150372527794,1.0451477496585513,0.6922393246651335,2.2413511547664515,3.221901433421491,3.719608361,1.8738938196490478,0.6866320774846892,0.5677774538653436,0.4388144845190531,0.34589142936939443,null,null,null,null,null,null,Unhealthy
540,G,0.19166666054645842,0.3553114107015042,0.7567233015185285,0.6159679255001036,2.7385377418774786,4.113230677262766,4.553042069580219,1.4455373991135505,0.40568064312832736,0.361467407,0.29365977911487323,0.1630271873411757,null,null,null,null,null,null,Unhealthy
541,B,0.5009235873117867,0.7537409885719152,1.3516304041133735,1.002859768701061,1.991624228917947,2.9585725396562625,2.7884835332175704,1.3155384386158755,0.4172503952258953,0.16513324355432357,0.2755522779924676,0.2864201177218776,null,null,null,null,null,null,Unhealthy
542,R,0.15301907852151547,0.2841474346784343,0.6896573868174174,0.7644372622027223,2.095816386464046,3.038097524930547,4.064463452053156,1.7306329884763105,0.6304946653253485,0.3966967391901244,0.4723149875759257,0.43765391099257006,null,null,null,null,null,null,Unhealthy
543,G,0.3486559119102396,0.5808429475109322,1.2090948876199545,0.9063240970505773,2.986095454787936,4.587251011277451,5.185558745888877,1.4470832461615533,0.3753335636971075,0.20581613273706403,0.26072168,0.30861893001588364,null,null,null,null,null,null,Unhealthy
544,B,0.42771312131355194,0.9035918051862769,1.1882202874927663,1.0355145530133003,2.7074873716476215,3.286611936993919,3.580249299985125,1.2685780314118422,0.19137784261157212,0.071495448,0.198902674,0.3127932105429901,null,null,null,null,null,null,Unhealthy
545,R,0.1553372041639169,0.3798238350650772,0.7359040244485457,0.7896943851440718,2.2785342099985204,3.385579873935597,3.8520666067967486,1.865573098845654,0.5140407430613544,0.33994519382537025,0.3832248503849279,0.41250853090508927,null,null,null,null,null,null,Unhealthy
546,G,0.39506141096744446,0.38297292252866505,1.054251357096885,0.8295916331522329,3.146809193820077,5.419346731027786,4.895957660775486,1.4397248624872645,0.45711608005626725,0.25815817311748607,0.23021182558879227,0.24358694055902133,null,null,null,null,null,null,Unhealthy
547,B,0.4493741724073682,0.774369062,1.5593248171941525,0.5131412205332405,2.0370831529985947,2.703820395334573,2.735311076772349,1.250811474742129,0.19668823373714958,0.32770780394035076,0.12210186626692365,0.1694378586980724,null,null,null,null,null,null,Unhealthy
548,R,0.23330225606997063,0.36345764114401535,0.880389731,0.6329153532897852,2.145767234387988,3.0596911175443835,4.347350002143715,2.2511820343683606,0.7276552903672686,0.5993723279354066,0.4801725716731777,0.4845204777952186,null,null,null,null,null,null,Unhealthy
549,G,0.33026305957435664,0.6264581899562507,1.1352468378448022,0.9861943612688231,3.2394849859486854,4.728117189985745,5.185551548467877,1.8376636590201114,0.552435887,0.1476568097038181,0.2620826559924582,0.092112789,null,null,null,null,null,null,Unhealthy
550,B,0.5063018601537143,0.6857382168676759,1.1149135826129373,0.8471200608284888,2.4579699178043035,3.0471088957748673,2.9547383963772162,1.1827605424259668,0.24087140643386934,0.21150046126290087,0.1899178140071696,0.093781528,null,null,null,null,null,null,Unhealthy
551,R,0,0.4823012163519261,0.7126966575096978,0.838854034,2.2921676303709946,2.863223203779984,3.6303234524602366,1.4540100286229063,0.5598005777958583,0.41361608483393625,0.5596845420362009,0.44569669618977287,null,null,null,null,null,null,Unhealthy
552,G,0.20375295132912763,0.7500195874032397,1.0168295499747544,0.9571447733733859,3.151006952267382,5.962098826962772,6.200542666892961,1.943225194,0.3869841336996189,0.2570885481779875,0.23041871625809102,0.15902845301482696,null,null,null,null,null,null,Unhealthy
553,B,0.43490534490786786,0.5357773567756567,1.0501248984352802,0.7642371287452884,2.305882444731431,2.7527602010408914,2.773419707867605,1.1690243545503454,0.3509326313734542,0.2580931459497384,0.20483884228232954,0.11417759759842339,null,null,null,null,null,null,Unhealthy
554,R,0.3688048549605271,0.4353249532347609,0.680812412,0.4838695131140075,2.2027710756681067,3.2137390440428004,3.0655620507705392,1.4528454444284267,0.42981834193471213,0.32345182678499035,0.31731792475010545,0.2988269746827564,null,null,null,null,null,null,Unhealthy
555,G,0.6073823945494236,0.6540859947117138,1.2272638712105808,0.9188616730676787,3.438696363986331,4.7184164285639145,6.6363533021782635,1.8800040292848446,0.5415267251523064,0.10833312257157698,0.10795458621621022,0.2267728894483091,null,null,null,null,null,null,Unhealthy
556,B,0.39825203520789343,0.9555677980401669,1.5183335427926787,0.94468954,3.0577740533071367,3.7224591007097687,3.0027991747249323,1.3309615305730185,0.5487618767801759,0.2329541029064807,0.3525975613772256,0.11484730484856291,null,null,null,null,null,null,Unhealthy
557,R,0.40122419430588807,0.49651206629973127,1.1257567561002035,0.706512226,2.6469701117791202,3.908658875045308,4.460093224876822,2.5170867924969613,0.7955787774210081,0.5682351967029227,0.36324159748232077,0.7143210721643007,null,null,null,null,null,null,Unhealthy
558,G,0.19092325661045217,0.7327258878413847,1.3890901449518838,0.7542557609007486,3.621074113709587,5.223495069925284,5.240657788991366,2.115181079079719,0.4009730652570117,0.3975706200554822,0.42129007950384073,0.3699072401011376,null,null,null,null,null,null,Unhealthy
559,B,0.33255425008239475,0.7309456515114947,1.239607650301087,0.59813545,2.321373311,3.081928485713401,3.043642631928069,1.3574313844116386,0.4932773557157022,0.3155051455168204,0.18361045451501476,0.14074890767585688,null,null,null,null,null,null,Unhealthy
560,R,0.233779556,0.5967612955418031,1.2919771073635917,1.0238724732472824,2.6896438600677803,4.007150245639225,4.102848175685647,2.1914830543290913,0.545101943,0.7136777629160888,0.45824979349198464,0.6508841217054672,null,null,null,null,null,null,Unhealthy
561,G,0.18011127361297252,0.5099708257067709,1.082298934191558,0.8988476713987171,3.301820140001985,5.074131695805863,5.819032902317805,1.9466008441413003,0.4960009522686214,0.29610383126116446,0.28420801475351903,0.10480992220648387,null,null,null,null,null,null,Unhealthy
562,B,0.3772242197777295,0.6534413176492779,0.9376290168458461,0.7412895140636335,1.9114520646655275,2.5823354206284526,2.7527962554206358,0.6460771417602773,0.16653234600978262,0.15948173998201381,0.22519571800449137,0.21010142674995766,null,null,null,null,null,null,Unhealthy
563,R,0.25407545446081037,0.3711997192311329,1.1330375253822285,0.8533531351708598,1.9388790204828537,3.2994519117727807,4.224460814869346,1.893239656135703,0.631889152,0.3206005471663397,0.5232355151802812,0.4105120178380465,null,null,null,null,null,null,Unhealthy
564,G,0.3562069782114381,0.6479991618874654,1.4807781917181562,1.1263292756867191,3.2283070352397925,5.250261654951801,6.281567561,1.7156408471410416,0.5652488150040573,0.2642795067654448,0.4063364054396473,0.15578807855975643,null,null,null,null,null,null,Unhealthy
565,B,0.4340178478115013,0.5807498145009589,1.161280431311181,0.7136490480801481,2.107198814417101,2.6013636446138517,2.905889402392854,1.1016744606210427,0.2868565240985871,0.18712374012712887,0.16559821944874487,0.23340001898667725,null,null,null,null,null,null,Unhealthy
566,R,0.22668710647212376,0.35541908789641263,0.8210553473885727,0.6194832519859138,2.0081464595895127,2.9508077994007746,3.935243486886467,1.819776542511566,0.7556842148215982,0.48308237228961876,0.38660537794939415,0.46028504740370396,null,null,null,null,null,null,Unhealthy
567,G,0.33477477338564776,0.6897081264245849,1.5770235735437634,0.952044959,3.1811739058807857,5.663104430169599,6.552434546,2.0561764636521604,0.4000076114752226,0.3720384165787784,0.2830833694866994,0.1815875268260064,null,null,null,null,null,null,Unhealthy
568,B,0.2209393467703957,0.7270236059389843,1.337716704967407,1.0049242608562037,2.6129489234911385,3.326285611,3.0993484990802322,1.0354698898128754,0.3615559747604309,0.38964905905776864,0.25986948891128064,0.2629474489976426,null,null,null,null,null,null,Unhealthy
569,R,0.24226598109963568,0.4094625797887007,1.1008544367308188,0.700549804,2.3293621056431664,3.3459309613187727,4.6592810352240726,2.123021707349819,0.5852675141502193,0.5110324681421229,0.3840784730568351,0.5093226225346817,null,null,null,null,null,null,Unhealthy
570,G,0.3040384247526595,0.6876163286436305,1.0753429862446005,0.773813113,3.399040133,4.9323686411535865,6.726280312,2.094089290727548,0.42445392786273517,0.39020933161916105,0.4261697792833862,0.3509891034690171,null,null,null,null,null,null,Unhealthy
571,B,0.41381444077443075,1.0409475627456837,1.5443175877329713,0.9373768035882045,2.6213095196025242,3.1083098984259436,3.1050254733452567,1.6552762871262738,0.49970825284586273,0.14844963739455844,0.084988291,0.12740240859384291,null,null,null,null,null,null,Unhealthy
572,R,0.36505975708034194,0.4142947757491697,1.3843694344058353,0.8291647553128821,2.583599147506196,3.5634704315689203,4.4141691647500565,2.045005047899646,0.6390904868552026,0.7089780314108317,0.5132443860491241,0.5207173030042286,null,null,null,null,null,null,Unhealthy
573,G,0.21165069415210672,0.6244737688486562,1.1824253645765843,1.0876232519287679,3.317940812341394,4.388125037916596,5.657778667632091,1.6771682643023487,0.33401824890457205,0.26159150686647203,0.305231379,0.2057880293192507,null,null,null,null,null,null,Unhealthy
574,B,0.409456865,0.5618167384250694,1.2807251977488219,0.7801125865956153,2.1351071551778196,3.071605794593523,2.973855348126915,0.9330878228009916,0.3347873167824947,0.19237864221417456,0.16742605823905354,0.015031320357706322,null,null,null,null,null,null,Unhealthy
575,R,0.3261963916551057,0.3700068815250002,0.9077715709498296,0.8670001327168841,2.1282542277276986,4.064276738403476,4.251629446147852,1.8484599521389247,0.7264987362932782,0.5118765324081428,0.3161680544335309,0.6967064738198049,null,null,null,null,null,null,Unhealthy
576,G,0.2005552113797158,0.5973171003274413,1.2453301001459736,1.1944262855467207,2.5756709404923277,4.677540192941217,5.680931544385085,2.120698360003302,0.3925677322849746,0.2621004660462808,0.23411333757299696,0.23567691793279524,null,null,null,null,null,null,Unhealthy
577,B,0.5622443711286915,0.6739466066130277,1.0270768186014618,0.6606110347182971,2.4545669027847117,3.0483103684010513,3.019407098568806,1.3490310843478015,0.3372434283496081,0.21262038683579607,0.1928599282567615,0.24092998290990572,null,null,null,null,null,null,Unhealthy
578,R,0.3530524162835965,0.7547672281145272,1.0396077200083955,0.9397755709969681,2.7675043148779808,3.954737533027559,4.815587541755457,2.0975292369881178,0.6806397675451941,0.5487904552605883,0.5425000646897944,0.4771009136396126,null,null,null,null,null,null,Unhealthy
579,G,0.1845903165010295,0.676826355,1.2401964739275162,1.003509099008068,3.186748924893357,6.426670441246148,6.125394340916171,1.9535906541516292,0.36688075904202755,0.1269215925387318,0.25789621,0.30918155615085574,null,null,null,null,null,null,Unhealthy
580,B,0.3899787772087074,0.7451178899949157,1.305946652935286,0.7394789918724349,2.117473759283222,2.8382566745265962,2.8511543054901445,1.3097528599398478,0.38358915689825807,0.2970877445309559,0.066711021,0.17882211101888468,null,null,null,null,null,null,Unhealthy
581,R,0.30169936798289665,0.5308279072760188,0.8974854712681947,0.8280088570220601,2.779172455405557,3.7716577382272547,4.864424743236505,1.9572074427753356,0.885046846,0.5687478955595243,0.5739970213583114,0.4517003809361323,null,null,null,null,null,null,Unhealthy
582,G,0.33399307323312594,0.6532554163147536,1.080231973317387,0.894777953,2.875777778778981,4.567748727517689,5.065572414827723,1.8453589671364936,0.47969234626709506,0.3215798338359772,0.047946027,0.18729264184244754,null,null,null,null,null,null,Unhealthy
583,B,0.3475305685363367,0.6987585625214535,0.7011497146562569,0.8767320489918082,1.6755636872133666,2.3555087775923753,2.5656620805693002,1.0442500022162011,0.40849522895031737,0.1210770763181075,0.2567608903355037,0.071597072,null,null,null,null,null,null,Unhealthy
584,R,0.3263125903907416,0.5696576713464618,0.9846846524466772,0.39564993496803896,2.476859246,3.8145336133562986,5.282144552648838,2.339946217511795,0.5216349555045018,0.481672682,0.38006586664875186,0.6403508540681088,null,null,null,null,null,null,Unhealthy
585,G,0.3112034281447776,0.5282763049701934,0.9774066964386646,0.9694502407282868,3.118395346277513,4.233960953593146,5.969443066958361,1.9649386600943721,0.5702013884609651,0.37661321087241706,0.21853096562363564,0.1806793302092726,null,null,null,null,null,null,Unhealthy
586,B,0.39599734333565156,0.9017587309817069,1.280767569095676,0.7798019944438469,2.7975252258615293,2.815878322424169,3.381513254571139,1.239621514093129,0.5367632882334362,0.27334553339610573,0.21192583713701946,0.19781065729961086,null,null,null,null,null,null,Unhealthy
587,R,0.1213204888038024,0.5270716171984682,0.974521612,0.8706815801516598,2.1262710999796286,4.001713153876102,4.342253692216459,1.9761790785493478,0.8099976754653604,0.4380300845419991,0.371497906,0.48912766856104306,null,null,null,null,null,null,Unhealthy
588,G,0.4692690431484412,0.12122047990420853,1.1016964251749704,1.0010300045064446,2.4798298948329323,4.556940090894216,5.375935078024427,1.674996885293948,0.3794095093105988,0.20038472051228814,0.20026174781020958,0.24138227359224027,null,null,null,null,null,null,Unhealthy
589,B,0.33061895508519795,0.6058307333263556,0.9374446148582417,0.5658326184757068,2.079837297424153,2.582310318277016,2.8385466168218554,0.8896912981287876,0.21541103256761934,0.160116689,0.2286004282354774,0.14890030029044252,null,null,null,null,null,null,Unhealthy
590,R,0.24268228721984608,0.3030653325130805,1.0737516979819468,0.7891354590636488,1.7944850498003064,2.8350219691878737,3.926720787973877,1.7265661745315566,0.6108864488495587,0.542441044,0.38241939,0.3681529713751801,null,null,null,null,null,null,Unhealthy
591,G,0.2916582921471181,0.48646444184202997,1.2591476202099952,1.0712846392905906,2.607210455569247,5.094969520365311,7.125507717251047,2.0598883325050097,0.5911406596413002,0.12681426385508016,0.3457957406345419,0.19021035788240914,null,null,null,null,null,null,Unhealthy
592,B,0.2675801117697913,0.7243593091960684,0.8079257403773239,0.6308426426802685,1.6294806807139044,2.3981013453503306,2.653680127882988,1.4514367037408646,0.1999891728905964,0.21401226185023436,0.21856988640937391,0.1299297079038262,null,null,null,null,null,null,Unhealthy
593,R,0.3055986930336583,0.6897486638721665,0.9454214338201649,0.938980467,2.402475758910765,3.667461817024861,3.8974292247691187,2.0550230895498394,0.7286052810827668,0.7101858548029586,0.48031121031779295,0.5047433716928948,null,null,null,null,null,null,Unhealthy
594,G,0.28927078966480324,0.4578812835911629,1.2458579560598395,1.063204203392423,3.3983247162381476,4.799090141435197,5.8565961334136905,1.9369086216465645,0.295804879,0.24983536584290097,0.4875416138340448,0.15642088952498406,null,null,null,null,null,null,Unhealthy
595,B,0.20649143874682377,0.8335403461308986,1.1128089585309162,0.6438773531104922,1.8717098092059228,2.723667766816268,2.9499882044327683,1.0956117673894517,0.35294040740531274,0.1904704831706695,0.14807242516247968,0.070675701,null,null,null,null,null,null,Unhealthy
596,R,0.41560119515826427,0.6398364361875539,1.1519725694575866,0.8503150874749682,3.002166804997467,3.4985265337807663,4.559801279814619,2.221581019,0.7187770105018878,0.5259104007906448,0.572411939,0.7361781678304146,null,null,null,null,null,null,Unhealthy
597,G,0.31735640732526227,0.418874484,1.0413461910876238,0.8620015082462181,3.354853062879907,4.807232688797047,5.060027355369692,1.6737147739955751,0.42998833869633907,0.3030094616307254,0.29939871966612475,0.052052281,null,null,null,null,null,null,Unhealthy
598,B,0.358061028,0.4125965030415942,1.8159156549810442,1.0141423950455317,2.1111898176853217,3.298991347106265,3.056865442623925,1.4094163817238912,0.2965955734582581,0.33729299498582055,0.2893971106506596,0.049850803,null,null,null,null,null,null,Unhealthy
599,R,0.23578331120879514,0.3978961152443953,1.0330911556298208,0.8849661905435541,2.0780752761900763,3.311553159009413,4.398388175209016,2.004736320649999,0.6845493365065751,0.7007940490786129,0.4019827014265824,0.45403175757684655,null,null,null,null,null,null,Unhealthy
600,G,0.33664508130737747,0.5898377341155179,1.095746828,0.9555134487134112,3.4726871759572813,5.005862474411217,5.759964112920099,1.508886737,0.4612357511224061,0.30017089832084887,0.14828148179098644,0.17355360446923368,null,null,null,null,null,null,Unhealthy
